anchor_id,dataset,difficulty,contrast_role
IndustryOR_1,IndustryOR,N/A,
IndustryOR_2,IndustryOR,N/A,
IndustryOR_3,IndustryOR,N/A,
IndustryOR_4,IndustryOR,N/A,
IndustryOR_5,IndustryOR,N/A,
IndustryOR_6,IndustryOR,N/A,
IndustryOR_7,IndustryOR,N/A,
IndustryOR_8,IndustryOR,N/A,
IndustryOR_9,IndustryOR,N/A,
IndustryOR_10,IndustryOR,N/A,
IndustryOR_11,IndustryOR,N/A,
IndustryOR_12,IndustryOR,N/A,
IndustryOR_13,IndustryOR,N/A,
IndustryOR_14,IndustryOR,N/A,
IndustryOR_15,IndustryOR,N/A,
IndustryOR_16,IndustryOR,N/A,
IndustryOR_17,IndustryOR,N/A,
IndustryOR_18,IndustryOR,N/A,
IndustryOR_19,IndustryOR,N/A,
IndustryOR_20,IndustryOR,N/A,
IndustryOR_21,IndustryOR,N/A,
IndustryOR_22,IndustryOR,N/A,
IndustryOR_23,IndustryOR,N/A,
IndustryOR_24,IndustryOR,N/A,
IndustryOR_25,IndustryOR,N/A,
IndustryOR_Hard_026_shift_scheduling,IndustryOR,Hard,simple surface structure (cyclic coverage)
IndustryOR_27,IndustryOR,N/A,
IndustryOR_28,IndustryOR,N/A,
IndustryOR_29,IndustryOR,N/A,
IndustryOR_30,IndustryOR,N/A,
IndustryOR_31,IndustryOR,N/A,
IndustryOR_32,IndustryOR,N/A,
IndustryOR_33,IndustryOR,N/A,
IndustryOR_34,IndustryOR,N/A,
IndustryOR_35,IndustryOR,N/A,
IndustryOR_Hard_036_vrp,IndustryOR,Hard,multi-entity / high coupling
IndustryOR_37,IndustryOR,N/A,
IndustryOR_38,IndustryOR,N/A,
IndustryOR_39,IndustryOR,N/A,
IndustryOR_40,IndustryOR,N/A,
IndustryOR_41,IndustryOR,N/A,
IndustryOR_42,IndustryOR,N/A,
IndustryOR_43,IndustryOR,N/A,
IndustryOR_44,IndustryOR,N/A,
IndustryOR_45,IndustryOR,N/A,
IndustryOR_46,IndustryOR,N/A,
IndustryOR_47,IndustryOR,N/A,
IndustryOR_48,IndustryOR,N/A,
IndustryOR_49,IndustryOR,N/A,
IndustryOR_50,IndustryOR,N/A,
IndustryOR_51,IndustryOR,N/A,
IndustryOR_52,IndustryOR,N/A,
IndustryOR_53,IndustryOR,N/A,
IndustryOR_54,IndustryOR,N/A,
IndustryOR_55,IndustryOR,N/A,
IndustryOR_56,IndustryOR,N/A,
IndustryOR_57,IndustryOR,N/A,
IndustryOR_58,IndustryOR,N/A,
IndustryOR_59,IndustryOR,N/A,
IndustryOR_60,IndustryOR,N/A,
IndustryOR_61,IndustryOR,N/A,
IndustryOR_62,IndustryOR,N/A,
IndustryOR_63,IndustryOR,N/A,
IndustryOR_64,IndustryOR,N/A,
IndustryOR_65,IndustryOR,N/A,
IndustryOR_66,IndustryOR,N/A,
IndustryOR_67,IndustryOR,N/A,
IndustryOR_68,IndustryOR,N/A,
IndustryOR_69,IndustryOR,N/A,
IndustryOR_70,IndustryOR,N/A,
IndustryOR_71,IndustryOR,N/A,
IndustryOR_72,IndustryOR,N/A,
IndustryOR_73,IndustryOR,N/A,
IndustryOR_74,IndustryOR,N/A,
IndustryOR_75,IndustryOR,N/A,
IndustryOR_76,IndustryOR,N/A,
IndustryOR_Easy_077_machine_assignment,IndustryOR,Easy,multi-rule / multi-entity
IndustryOR_78,IndustryOR,N/A,
IndustryOR_79,IndustryOR,N/A,
IndustryOR_80,IndustryOR,N/A,
IndustryOR_81,IndustryOR,N/A,
IndustryOR_82,IndustryOR,N/A,
IndustryOR_83,IndustryOR,N/A,
IndustryOR_84,IndustryOR,N/A,
IndustryOR_85,IndustryOR,N/A,
IndustryOR_86,IndustryOR,N/A,
IndustryOR_87,IndustryOR,N/A,
IndustryOR_88,IndustryOR,N/A,
IndustryOR_89,IndustryOR,N/A,
IndustryOR_90,IndustryOR,N/A,
IndustryOR_91,IndustryOR,N/A,
IndustryOR_Easy_092_bus_rental,IndustryOR,Easy,simple surface structure
IndustryOR_93,IndustryOR,N/A,
IndustryOR_94,IndustryOR,N/A,
IndustryOR_95,IndustryOR,N/A,
IndustryOR_96,IndustryOR,N/A,
IndustryOR_97,IndustryOR,N/A,
IndustryOR_98,IndustryOR,N/A,
IndustryOR_99,IndustryOR,N/A,
IndustryOR_100,IndustryOR,N/A,
NL4OPT_000_oil_spill_transport,NL4OPT,N/A,low coupling LP
NL4OPT_001,NL4OPT,N/A,
NL4OPT_002,NL4OPT,N/A,
NL4OPT_003,NL4OPT,N/A,
NL4OPT_004,NL4OPT,N/A,
NL4OPT_005,NL4OPT,N/A,
NL4OPT_006,NL4OPT,N/A,
NL4OPT_007,NL4OPT,N/A,
NL4OPT_008,NL4OPT,N/A,
NL4OPT_009,NL4OPT,N/A,
NL4OPT_010,NL4OPT,N/A,
NL4OPT_011,NL4OPT,N/A,
NL4OPT_012,NL4OPT,N/A,
NL4OPT_013_radiation_beams,NL4OPT,N/A,higher coupling LP
NL4OPT_014,NL4OPT,N/A,
NL4OPT_015,NL4OPT,N/A,
NL4OPT_016,NL4OPT,N/A,
NL4OPT_017,NL4OPT,N/A,
NL4OPT_018,NL4OPT,N/A,
NL4OPT_019,NL4OPT,N/A,
NL4OPT_020,NL4OPT,N/A,
NL4OPT_021,NL4OPT,N/A,
NL4OPT_022,NL4OPT,N/A,
NL4OPT_023,NL4OPT,N/A,
NL4OPT_024,NL4OPT,N/A,
NL4OPT_025,NL4OPT,N/A,
NL4OPT_026,NL4OPT,N/A,
NL4OPT_027,NL4OPT,N/A,
NL4OPT_028,NL4OPT,N/A,
NL4OPT_029,NL4OPT,N/A,
NL4OPT_030,NL4OPT,N/A,
NL4OPT_031,NL4OPT,N/A,
NL4OPT_032,NL4OPT,N/A,
NL4OPT_033,NL4OPT,N/A,
NL4OPT_034,NL4OPT,N/A,
NL4OPT_035,NL4OPT,N/A,
NL4OPT_036,NL4OPT,N/A,
NL4OPT_037,NL4OPT,N/A,
NL4OPT_038,NL4OPT,N/A,
NL4OPT_039,NL4OPT,N/A,
NL4OPT_040,NL4OPT,N/A,
NL4OPT_041,NL4OPT,N/A,
NL4OPT_042,NL4OPT,N/A,
NL4OPT_043,NL4OPT,N/A,
NL4OPT_044,NL4OPT,N/A,
NL4OPT_045,NL4OPT,N/A,
NL4OPT_046,NL4OPT,N/A,
NL4OPT_047,NL4OPT,N/A,
NL4OPT_048,NL4OPT,N/A,
NL4OPT_049,NL4OPT,N/A,
NL4OPT_050,NL4OPT,N/A,
NL4OPT_051,NL4OPT,N/A,
NL4OPT_052,NL4OPT,N/A,
NL4OPT_053,NL4OPT,N/A,
NL4OPT_054,NL4OPT,N/A,
NL4OPT_055,NL4OPT,N/A,
NL4OPT_056,NL4OPT,N/A,
NL4OPT_057,NL4OPT,N/A,
NL4OPT_058,NL4OPT,N/A,
NL4OPT_059,NL4OPT,N/A,
NL4OPT_060,NL4OPT,N/A,
NL4OPT_061,NL4OPT,N/A,
NL4OPT_062,NL4OPT,N/A,
NL4OPT_063,NL4OPT,N/A,
NL4OPT_064,NL4OPT,N/A,
NL4OPT_065,NL4OPT,N/A,
NL4OPT_066,NL4OPT,N/A,
NL4OPT_067,NL4OPT,N/A,
NL4OPT_068,NL4OPT,N/A,
NL4OPT_069,NL4OPT,N/A,
NL4OPT_070,NL4OPT,N/A,
NL4OPT_071,NL4OPT,N/A,
NL4OPT_072,NL4OPT,N/A,
NL4OPT_073,NL4OPT,N/A,
NL4OPT_074,NL4OPT,N/A,
NL4OPT_075,NL4OPT,N/A,
NL4OPT_076,NL4OPT,N/A,
NL4OPT_077,NL4OPT,N/A,
NL4OPT_078,NL4OPT,N/A,
NL4OPT_079,NL4OPT,N/A,
NL4OPT_080,NL4OPT,N/A,
NL4OPT_081,NL4OPT,N/A,
NL4OPT_082,NL4OPT,N/A,
NL4OPT_083,NL4OPT,N/A,
NL4OPT_084,NL4OPT,N/A,
NL4OPT_085,NL4OPT,N/A,
NL4OPT_086,NL4OPT,N/A,
NL4OPT_087,NL4OPT,N/A,
NL4OPT_088,NL4OPT,N/A,
NL4OPT_089,NL4OPT,N/A,
NL4OPT_090,NL4OPT,N/A,
NL4OPT_091,NL4OPT,N/A,
NL4OPT_092,NL4OPT,N/A,
NL4OPT_093,NL4OPT,N/A,
NL4OPT_094,NL4OPT,N/A,
NL4OPT_095,NL4OPT,N/A,
NL4OPT_096,NL4OPT,N/A,
NL4OPT_097,NL4OPT,N/A,
NL4OPT_098,NL4OPT,N/A,
NL4OPT_099,NL4OPT,N/A,
NL4OPT_100,NL4OPT,N/A,
NL4OPT_101,NL4OPT,N/A,
NL4OPT_102,NL4OPT,N/A,
NL4OPT_103,NL4OPT,N/A,
NL4OPT_104,NL4OPT,N/A,
NL4OPT_105,NL4OPT,N/A,
NL4OPT_106,NL4OPT,N/A,
NL4OPT_107,NL4OPT,N/A,
NL4OPT_108,NL4OPT,N/A,
NL4OPT_109,NL4OPT,N/A,
NL4OPT_110,NL4OPT,N/A,
NL4OPT_111,NL4OPT,N/A,
NL4OPT_112,NL4OPT,N/A,
NL4OPT_113,NL4OPT,N/A,
NL4OPT_114,NL4OPT,N/A,
NL4OPT_115,NL4OPT,N/A,
NL4OPT_116,NL4OPT,N/A,
NL4OPT_117,NL4OPT,N/A,
NL4OPT_118,NL4OPT,N/A,
NL4OPT_119,NL4OPT,N/A,
NL4OPT_120,NL4OPT,N/A,
NL4OPT_121,NL4OPT,N/A,
NL4OPT_122,NL4OPT,N/A,
NL4OPT_123,NL4OPT,N/A,
NL4OPT_124,NL4OPT,N/A,
NL4OPT_125,NL4OPT,N/A,
NL4OPT_126,NL4OPT,N/A,
NL4OPT_127,NL4OPT,N/A,
NL4OPT_128,NL4OPT,N/A,
NL4OPT_129,NL4OPT,N/A,
NL4OPT_130,NL4OPT,N/A,
NL4OPT_131,NL4OPT,N/A,
NL4OPT_132,NL4OPT,N/A,
NL4OPT_133,NL4OPT,N/A,
NL4OPT_134,NL4OPT,N/A,
NL4OPT_135,NL4OPT,N/A,
NL4OPT_136,NL4OPT,N/A,
NL4OPT_137,NL4OPT,N/A,
NL4OPT_138,NL4OPT,N/A,
NL4OPT_139,NL4OPT,N/A,
NL4OPT_140,NL4OPT,N/A,
NL4OPT_141,NL4OPT,N/A,
NL4OPT_142,NL4OPT,N/A,
NL4OPT_143,NL4OPT,N/A,
NL4OPT_144,NL4OPT,N/A,
NL4OPT_145,NL4OPT,N/A,
NL4OPT_146,NL4OPT,N/A,
NL4OPT_147,NL4OPT,N/A,
NL4OPT_148,NL4OPT,N/A,
NL4OPT_149,NL4OPT,N/A,
NL4OPT_150,NL4OPT,N/A,
NL4OPT_151,NL4OPT,N/A,
NL4OPT_152,NL4OPT,N/A,
NL4OPT_153,NL4OPT,N/A,
NL4OPT_154,NL4OPT,N/A,
NL4OPT_155,NL4OPT,N/A,
NL4OPT_156,NL4OPT,N/A,
NL4OPT_157,NL4OPT,N/A,
NL4OPT_158,NL4OPT,N/A,
NL4OPT_159,NL4OPT,N/A,
NL4OPT_160,NL4OPT,N/A,
NL4OPT_161,NL4OPT,N/A,
NL4OPT_162,NL4OPT,N/A,
NL4OPT_163,NL4OPT,N/A,
NL4OPT_164,NL4OPT,N/A,
NL4OPT_165,NL4OPT,N/A,
NL4OPT_166,NL4OPT,N/A,
NL4OPT_167,NL4OPT,N/A,
NL4OPT_168,NL4OPT,N/A,
NL4OPT_169,NL4OPT,N/A,
NL4OPT_170,NL4OPT,N/A,
NL4OPT_171,NL4OPT,N/A,
NL4OPT_172,NL4OPT,N/A,
NL4OPT_173,NL4OPT,N/A,
NL4OPT_174,NL4OPT,N/A,
NL4OPT_175,NL4OPT,N/A,
NL4OPT_176,NL4OPT,N/A,
NL4OPT_177,NL4OPT,N/A,
NL4OPT_178,NL4OPT,N/A,
NL4OPT_179,NL4OPT,N/A,
NL4OPT_180,NL4OPT,N/A,
NL4OPT_181,NL4OPT,N/A,
NL4OPT_182,NL4OPT,N/A,
NL4OPT_183,NL4OPT,N/A,
NL4OPT_184,NL4OPT,N/A,
NL4OPT_185,NL4OPT,N/A,
NL4OPT_186,NL4OPT,N/A,
NL4OPT_187,NL4OPT,N/A,
NL4OPT_188,NL4OPT,N/A,
NL4OPT_189,NL4OPT,N/A,
NL4OPT_190,NL4OPT,N/A,
NL4OPT_191,NL4OPT,N/A,
NL4OPT_192,NL4OPT,N/A,
NL4OPT_193,NL4OPT,N/A,
NL4OPT_194,NL4OPT,N/A,
NL4OPT_195,NL4OPT,N/A,
NL4OPT_196,NL4OPT,N/A,
NL4OPT_197,NL4OPT,N/A,
NL4OPT_198,NL4OPT,N/A,
NL4OPT_199,NL4OPT,N/A,
NL4OPT_200,NL4OPT,N/A,
NL4OPT_201,NL4OPT,N/A,
NL4OPT_202,NL4OPT,N/A,
NL4OPT_203,NL4OPT,N/A,
NL4OPT_204,NL4OPT,N/A,
NL4OPT_205,NL4OPT,N/A,
NL4OPT_206,NL4OPT,N/A,
NL4OPT_207,NL4OPT,N/A,
NL4OPT_208,NL4OPT,N/A,
NL4OPT_209,NL4OPT,N/A,
NL4OPT_210,NL4OPT,N/A,
NL4OPT_211,NL4OPT,N/A,
NL4OPT_212,NL4OPT,N/A,
NL4OPT_213,NL4OPT,N/A,
NL4OPT_214,NL4OPT,N/A,
NL4OPT_215,NL4OPT,N/A,
NL4OPT_216,NL4OPT,N/A,
NL4OPT_217,NL4OPT,N/A,
NL4OPT_218,NL4OPT,N/A,
NL4OPT_219,NL4OPT,N/A,
NL4OPT_220,NL4OPT,N/A,
NL4OPT_221,NL4OPT,N/A,
NL4OPT_222,NL4OPT,N/A,
NL4OPT_223,NL4OPT,N/A,
NL4OPT_224,NL4OPT,N/A,
NL4OPT_225,NL4OPT,N/A,
NL4OPT_226,NL4OPT,N/A,
NL4OPT_227,NL4OPT,N/A,
NL4OPT_228,NL4OPT,N/A,
NL4OPT_229,NL4OPT,N/A,
NL4OPT_230,NL4OPT,N/A,
NL4OPT_231,NL4OPT,N/A,
NL4OPT_232,NL4OPT,N/A,
NL4OPT_233,NL4OPT,N/A,
NL4OPT_234,NL4OPT,N/A,
NL4OPT_235,NL4OPT,N/A,
NL4OPT_236,NL4OPT,N/A,
NL4OPT_237,NL4OPT,N/A,
NL4OPT_238,NL4OPT,N/A,
NL4OPT_239,NL4OPT,N/A,
NL4OPT_240,NL4OPT,N/A,
NL4OPT_241,NL4OPT,N/A,
NL4OPT_242,NL4OPT,N/A,
NL4OPT_243,NL4OPT,N/A,
NL4OPT_244,NL4OPT,N/A,
OPTEngine_BinPacking,OPTEngine,N/A,controlled low coupling
OPTEngine_BinPacking_10_1,OPTEngine,N/A,
OPTEngine_BinPacking_10_2,OPTEngine,N/A,
OPTEngine_BinPacking_10_3,OPTEngine,N/A,
OPTEngine_BinPacking_10_4,OPTEngine,N/A,
OPTEngine_BinPacking_10_5,OPTEngine,N/A,
OPTEngine_BinPacking_10_6,OPTEngine,N/A,
OPTEngine_BinPacking_11,OPTEngine,N/A,
OPTEngine_BinPacking_10_7,OPTEngine,N/A,
OPTEngine_BinPacking_10_8,OPTEngine,N/A,
OPTEngine_BinPacking_10_9,OPTEngine,N/A,
OPTEngine_BinPacking_11_1,OPTEngine,N/A,
OPTEngine_BinPacking_11_2,OPTEngine,N/A,
OPTEngine_BinPacking_11_3,OPTEngine,N/A,
OPTEngine_BinPacking_11_4,OPTEngine,N/A,
OPTEngine_BinPacking_11_5,OPTEngine,N/A,
OPTEngine_BinPacking_11_6,OPTEngine,N/A,
OPTEngine_BinPacking_11_7,OPTEngine,N/A,
OPTEngine_BinPacking_11_8,OPTEngine,N/A,
OPTEngine_BinPacking_11_9,OPTEngine,N/A,
OPTEngine_BinPacking_12,OPTEngine,N/A,
OPTEngine_BinPacking_12_1,OPTEngine,N/A,
OPTEngine_BinPacking_12_2,OPTEngine,N/A,
OPTEngine_BinPacking_12_3,OPTEngine,N/A,
OPTEngine_BinPacking_12_4,OPTEngine,N/A,
OPTEngine_BinPacking_12_5,OPTEngine,N/A,
OPTEngine_BinPacking_13,OPTEngine,N/A,
OPTEngine_BinPacking_12_6,OPTEngine,N/A,
OPTEngine_BinPacking_12_7,OPTEngine,N/A,
OPTEngine_BinPacking_12_8,OPTEngine,N/A,
OPTEngine_BinPacking_12_9,OPTEngine,N/A,
OPTEngine_BinPacking_13_1,OPTEngine,N/A,
OPTEngine_BinPacking_13_2,OPTEngine,N/A,
OPTEngine_BinPacking_13_3,OPTEngine,N/A,
OPTEngine_BinPacking_13_4,OPTEngine,N/A,
OPTEngine_BinPacking_13_5,OPTEngine,N/A,
OPTEngine_BinPacking_13_6,OPTEngine,N/A,
OPTEngine_BinPacking_13_7,OPTEngine,N/A,
OPTEngine_BinPacking_13_8,OPTEngine,N/A,
OPTEngine_BinPacking_13_9,OPTEngine,N/A,
OPTEngine_BinPacking_14,OPTEngine,N/A,
OPTEngine_BinPacking_14_1,OPTEngine,N/A,
OPTEngine_BinPacking_14_2,OPTEngine,N/A,
OPTEngine_BinPacking_14_3,OPTEngine,N/A,
OPTEngine_BinPacking_14_4,OPTEngine,N/A,
OPTEngine_BinPacking_14_5,OPTEngine,N/A,
OPTEngine_BinPacking_14_6,OPTEngine,N/A,
OPTEngine_BinPacking_14_7,OPTEngine,N/A,
OPTEngine_BinPacking_14_8,OPTEngine,N/A,
OPTEngine_BinPacking_14_9,OPTEngine,N/A,
OPTEngine_BinPacking_15,OPTEngine,N/A,
OPTEngine_BinPacking_15_1,OPTEngine,N/A,
OPTEngine_BinPacking_15_2,OPTEngine,N/A,
OPTEngine_BinPacking_15_3,OPTEngine,N/A,
OPTEngine_BinPacking_15_4,OPTEngine,N/A,
OPTEngine_BinPacking_15_5,OPTEngine,N/A,
OPTEngine_BinPacking_15_6,OPTEngine,N/A,
OPTEngine_BinPacking_15_7,OPTEngine,N/A,
OPTEngine_BinPacking_15_8,OPTEngine,N/A,
OPTEngine_BinPacking_16,OPTEngine,N/A,
OPTEngine_BinPacking_16_1,OPTEngine,N/A,
OPTEngine_BinPacking_16_2,OPTEngine,N/A,
OPTEngine_BinPacking_16_3,OPTEngine,N/A,
OPTEngine_BinPacking_15_9,OPTEngine,N/A,
OPTEngine_BinPacking_16_4,OPTEngine,N/A,
OPTEngine_BinPacking_16_5,OPTEngine,N/A,
OPTEngine_BinPacking_16_6,OPTEngine,N/A,
OPTEngine_BinPacking_16_7,OPTEngine,N/A,
OPTEngine_BinPacking_16_8,OPTEngine,N/A,
OPTEngine_BinPacking_16_9,OPTEngine,N/A,
OPTEngine_BinPacking_17,OPTEngine,N/A,
OPTEngine_BinPacking_17_1,OPTEngine,N/A,
OPTEngine_BinPacking_17_2,OPTEngine,N/A,
OPTEngine_BinPacking_17_3,OPTEngine,N/A,
OPTEngine_BinPacking_17_4,OPTEngine,N/A,
OPTEngine_BinPacking_17_5,OPTEngine,N/A,
OPTEngine_BinPacking_17_6,OPTEngine,N/A,
OPTEngine_BinPacking_17_7,OPTEngine,N/A,
OPTEngine_BinPacking_17_8,OPTEngine,N/A,
OPTEngine_BinPacking_17_9,OPTEngine,N/A,
OPTEngine_BinPacking_18,OPTEngine,N/A,
OPTEngine_BinPacking_18_1,OPTEngine,N/A,
OPTEngine_BinPacking_18_2,OPTEngine,N/A,
OPTEngine_BinPacking_18_3,OPTEngine,N/A,
OPTEngine_BinPacking_18_4,OPTEngine,N/A,
OPTEngine_BinPacking_18_5,OPTEngine,N/A,
OPTEngine_BinPacking_18_6,OPTEngine,N/A,
OPTEngine_BinPacking_18_7,OPTEngine,N/A,
OPTEngine_BinPacking_18_8,OPTEngine,N/A,
OPTEngine_BinPacking_18_9,OPTEngine,N/A,
OPTEngine_BinPacking_19,OPTEngine,N/A,
OPTEngine_BinPacking_19_1,OPTEngine,N/A,
OPTEngine_BinPacking_19_2,OPTEngine,N/A,
OPTEngine_BinPacking_19_3,OPTEngine,N/A,
OPTEngine_BinPacking_19_4,OPTEngine,N/A,
OPTEngine_BinPacking_19_5,OPTEngine,N/A,
OPTEngine_BinPacking_19_6,OPTEngine,N/A,
OPTEngine_BinPacking_19_7,OPTEngine,N/A,
OPTEngine_BinPacking_19_8,OPTEngine,N/A,
OPTEngine_BinPacking_20,OPTEngine,N/A,
OPTEngine_BinPacking_19_9,OPTEngine,N/A,
OPTEngine_BinPacking_20_1,OPTEngine,N/A,
OPTEngine_BinPacking_20_2,OPTEngine,N/A,
OPTEngine_BinPacking_20_3,OPTEngine,N/A,
OPTEngine_BinPacking_20_4,OPTEngine,N/A,
OPTEngine_BinPacking_20_5,OPTEngine,N/A,
OPTEngine_BinPacking_20_6,OPTEngine,N/A,
OPTEngine_BinPacking_20_7,OPTEngine,N/A,
OPTEngine_BinPacking_20_8,OPTEngine,N/A,
OPTEngine_BinPacking_20_9,OPTEngine,N/A,
OPTEngine_BinPacking_21,OPTEngine,N/A,
OPTEngine_BinPacking_21_1,OPTEngine,N/A,
OPTEngine_BinPacking_21_2,OPTEngine,N/A,
OPTEngine_BinPacking_21_3,OPTEngine,N/A,
OPTEngine_BinPacking_21_4,OPTEngine,N/A,
OPTEngine_BinPacking_21_5,OPTEngine,N/A,
OPTEngine_BinPacking_21_6,OPTEngine,N/A,
OPTEngine_BinPacking_21_7,OPTEngine,N/A,
OPTEngine_BinPacking_22,OPTEngine,N/A,
OPTEngine_BinPacking_21_8,OPTEngine,N/A,
OPTEngine_BinPacking_22_1,OPTEngine,N/A,
OPTEngine_BinPacking_21_9,OPTEngine,N/A,
OPTEngine_BinPacking_22_2,OPTEngine,N/A,
OPTEngine_BinPacking_22_3,OPTEngine,N/A,
OPTEngine_BinPacking_22_4,OPTEngine,N/A,
OPTEngine_BinPacking_22_5,OPTEngine,N/A,
OPTEngine_BinPacking_22_6,OPTEngine,N/A,
OPTEngine_BinPacking_22_7,OPTEngine,N/A,
OPTEngine_BinPacking_22_8,OPTEngine,N/A,
OPTEngine_BinPacking_23,OPTEngine,N/A,
OPTEngine_BinPacking_22_9,OPTEngine,N/A,
OPTEngine_BinPacking_23_1,OPTEngine,N/A,
OPTEngine_BinPacking_23_2,OPTEngine,N/A,
OPTEngine_BinPacking_23_3,OPTEngine,N/A,
OPTEngine_BinPacking_23_4,OPTEngine,N/A,
OPTEngine_BinPacking_23_5,OPTEngine,N/A,
OPTEngine_BinPacking_23_6,OPTEngine,N/A,
OPTEngine_BinPacking_24,OPTEngine,N/A,
OPTEngine_BinPacking_23_7,OPTEngine,N/A,
OPTEngine_BinPacking_23_8,OPTEngine,N/A,
OPTEngine_BinPacking_24_1,OPTEngine,N/A,
OPTEngine_BinPacking_23_9,OPTEngine,N/A,
OPTEngine_BinPacking_24_2,OPTEngine,N/A,
OPTEngine_BinPacking_24_3,OPTEngine,N/A,
OPTEngine_BinPacking_24_4,OPTEngine,N/A,
OPTEngine_BinPacking_24_5,OPTEngine,N/A,
OPTEngine_BinPacking_24_6,OPTEngine,N/A,
OPTEngine_BinPacking_24_7,OPTEngine,N/A,
OPTEngine_BinPacking_24_8,OPTEngine,N/A,
OPTEngine_BinPacking_24_9,OPTEngine,N/A,
OPTEngine_BinPacking_25,OPTEngine,N/A,
OPTEngine_BinPacking_25_1,OPTEngine,N/A,
OPTEngine_BinPacking_25_2,OPTEngine,N/A,
OPTEngine_BinPacking_25_3,OPTEngine,N/A,
OPTEngine_BinPacking_25_4,OPTEngine,N/A,
OPTEngine_BinPacking_25_5,OPTEngine,N/A,
OPTEngine_BinPacking_25_6,OPTEngine,N/A,
OPTEngine_BinPacking_25_7,OPTEngine,N/A,
OPTEngine_BinPacking_25_8,OPTEngine,N/A,
OPTEngine_BinPacking_25_9,OPTEngine,N/A,
OPTEngine_BinPacking_26,OPTEngine,N/A,
OPTEngine_BinPacking_26_1,OPTEngine,N/A,
OPTEngine_BinPacking_26_2,OPTEngine,N/A,
OPTEngine_BinPacking_26_3,OPTEngine,N/A,
OPTEngine_BinPacking_26_4,OPTEngine,N/A,
OPTEngine_BinPacking_26_5,OPTEngine,N/A,
OPTEngine_BinPacking_26_6,OPTEngine,N/A,
OPTEngine_BinPacking_26_7,OPTEngine,N/A,
OPTEngine_BinPacking_27,OPTEngine,N/A,
OPTEngine_BinPacking_27_1,OPTEngine,N/A,
OPTEngine_BinPacking_27_2,OPTEngine,N/A,
OPTEngine_BinPacking_26_8,OPTEngine,N/A,
OPTEngine_BinPacking_26_9,OPTEngine,N/A,
OPTEngine_BinPacking_27_3,OPTEngine,N/A,
OPTEngine_BinPacking_27_4,OPTEngine,N/A,
OPTEngine_BinPacking_27_5,OPTEngine,N/A,
OPTEngine_BinPacking_27_6,OPTEngine,N/A,
OPTEngine_BinPacking_27_7,OPTEngine,N/A,
OPTEngine_BinPacking_27_8,OPTEngine,N/A,
OPTEngine_BinPacking_28,OPTEngine,N/A,
OPTEngine_BinPacking_27_9,OPTEngine,N/A,
OPTEngine_BinPacking_28_1,OPTEngine,N/A,
OPTEngine_BinPacking_28_2,OPTEngine,N/A,
OPTEngine_BinPacking_28_3,OPTEngine,N/A,
OPTEngine_BinPacking_28_4,OPTEngine,N/A,
OPTEngine_BinPacking_28_5,OPTEngine,N/A,
OPTEngine_BinPacking_28_6,OPTEngine,N/A,
OPTEngine_BinPacking_28_7,OPTEngine,N/A,
OPTEngine_BinPacking_28_8,OPTEngine,N/A,
OPTEngine_BinPacking_28_9,OPTEngine,N/A,
OPTEngine_BinPacking_29,OPTEngine,N/A,
OPTEngine_BinPacking_29_1,OPTEngine,N/A,
OPTEngine_BinPacking_29_2,OPTEngine,N/A,
OPTEngine_BinPacking_29_3,OPTEngine,N/A,
OPTEngine_BinPacking_29_4,OPTEngine,N/A,
OPTEngine_BinPacking_29_5,OPTEngine,N/A,
OPTEngine_BinPacking_29_6,OPTEngine,N/A,
OPTEngine_BinPacking_29_7,OPTEngine,N/A,
OPTEngine_BinPacking_29_8,OPTEngine,N/A,
OPTEngine_BinPacking_30,OPTEngine,N/A,
OPTEngine_BinPacking_29_9,OPTEngine,N/A,
OPTEngine_BinPacking_30_1,OPTEngine,N/A,
OPTEngine_BinPacking_30_2,OPTEngine,N/A,
OPTEngine_BinPacking_30_3,OPTEngine,N/A,
OPTEngine_BinPacking_30_4,OPTEngine,N/A,
OPTEngine_BinPacking_30_5,OPTEngine,N/A,
OPTEngine_BinPacking_30_6,OPTEngine,N/A,
OPTEngine_BinPacking_30_7,OPTEngine,N/A,
OPTEngine_BinPacking_30_8,OPTEngine,N/A,
OPTEngine_BinPacking_30_9,OPTEngine,N/A,
OPTEngine_BinPacking_31,OPTEngine,N/A,
OPTEngine_BinPacking_31_1,OPTEngine,N/A,
OPTEngine_BinPacking_31_2,OPTEngine,N/A,
OPTEngine_BinPacking_31_3,OPTEngine,N/A,
OPTEngine_BinPacking_31_4,OPTEngine,N/A,
OPTEngine_BinPacking_31_5,OPTEngine,N/A,
OPTEngine_BinPacking_31_6,OPTEngine,N/A,
OPTEngine_BinPacking_31_7,OPTEngine,N/A,
OPTEngine_BinPacking_32,OPTEngine,N/A,
OPTEngine_BinPacking_31_8,OPTEngine,N/A,
OPTEngine_BinPacking_31_9,OPTEngine,N/A,
OPTEngine_BinPacking_32_1,OPTEngine,N/A,
OPTEngine_BinPacking_32_2,OPTEngine,N/A,
OPTEngine_BinPacking_32_3,OPTEngine,N/A,
OPTEngine_BinPacking_32_4,OPTEngine,N/A,
OPTEngine_BinPacking_32_5,OPTEngine,N/A,
OPTEngine_BinPacking_32_6,OPTEngine,N/A,
OPTEngine_BinPacking_32_7,OPTEngine,N/A,
OPTEngine_BinPacking_33,OPTEngine,N/A,
OPTEngine_BinPacking_32_8,OPTEngine,N/A,
OPTEngine_BinPacking_32_9,OPTEngine,N/A,
OPTEngine_BinPacking_33_1,OPTEngine,N/A,
OPTEngine_BinPacking_33_2,OPTEngine,N/A,
OPTEngine_BinPacking_33_3,OPTEngine,N/A,
OPTEngine_BinPacking_33_4,OPTEngine,N/A,
OPTEngine_BinPacking_33_5,OPTEngine,N/A,
OPTEngine_BinPacking_33_6,OPTEngine,N/A,
OPTEngine_BinPacking_33_7,OPTEngine,N/A,
OPTEngine_BinPacking_33_8,OPTEngine,N/A,
OPTEngine_BinPacking_33_9,OPTEngine,N/A,
OPTEngine_BinPacking_34,OPTEngine,N/A,
OPTEngine_BinPacking_34_1,OPTEngine,N/A,
OPTEngine_BinPacking_34_2,OPTEngine,N/A,
OPTEngine_BinPacking_34_3,OPTEngine,N/A,
OPTEngine_BinPacking_34_4,OPTEngine,N/A,
OPTEngine_BinPacking_34_5,OPTEngine,N/A,
OPTEngine_BinPacking_34_6,OPTEngine,N/A,
OPTEngine_BinPacking_34_7,OPTEngine,N/A,
OPTEngine_BinPacking_34_8,OPTEngine,N/A,
OPTEngine_BinPacking_35,OPTEngine,N/A,
OPTEngine_BinPacking_34_9,OPTEngine,N/A,
OPTEngine_BinPacking_35_1,OPTEngine,N/A,
OPTEngine_BinPacking_35_2,OPTEngine,N/A,
OPTEngine_BinPacking_35_3,OPTEngine,N/A,
OPTEngine_BinPacking_35_4,OPTEngine,N/A,
OPTEngine_BinPacking_35_5,OPTEngine,N/A,
OPTEngine_BinPacking_35_6,OPTEngine,N/A,
OPTEngine_BinPacking_35_7,OPTEngine,N/A,
OPTEngine_BinPacking_35_8,OPTEngine,N/A,
OPTEngine_BinPacking_35_9,OPTEngine,N/A,
OPTEngine_BinPacking_36,OPTEngine,N/A,
OPTEngine_BinPacking_36_1,OPTEngine,N/A,
OPTEngine_BinPacking_36_2,OPTEngine,N/A,
OPTEngine_BinPacking_36_3,OPTEngine,N/A,
OPTEngine_BinPacking_36_4,OPTEngine,N/A,
OPTEngine_BinPacking_36_5,OPTEngine,N/A,
OPTEngine_BinPacking_36_6,OPTEngine,N/A,
OPTEngine_BinPacking_36_7,OPTEngine,N/A,
OPTEngine_BinPacking_36_8,OPTEngine,N/A,
OPTEngine_BinPacking_36_9,OPTEngine,N/A,
OPTEngine_BinPacking_37,OPTEngine,N/A,
OPTEngine_BinPacking_37_1,OPTEngine,N/A,
OPTEngine_BinPacking_37_2,OPTEngine,N/A,
OPTEngine_BinPacking_37_3,OPTEngine,N/A,
OPTEngine_BinPacking_37_4,OPTEngine,N/A,
OPTEngine_BinPacking_37_5,OPTEngine,N/A,
OPTEngine_BinPacking_37_6,OPTEngine,N/A,
OPTEngine_BinPacking_37_7,OPTEngine,N/A,
OPTEngine_BinPacking_37_8,OPTEngine,N/A,
OPTEngine_BinPacking_37_9,OPTEngine,N/A,
OPTEngine_BinPacking_38,OPTEngine,N/A,
OPTEngine_BinPacking_38_1,OPTEngine,N/A,
OPTEngine_BinPacking_38_2,OPTEngine,N/A,
OPTEngine_BinPacking_38_3,OPTEngine,N/A,
OPTEngine_BinPacking_38_4,OPTEngine,N/A,
OPTEngine_BinPacking_38_5,OPTEngine,N/A,
OPTEngine_BinPacking_38_6,OPTEngine,N/A,
OPTEngine_BinPacking_38_7,OPTEngine,N/A,
OPTEngine_BinPacking_38_8,OPTEngine,N/A,
OPTEngine_BinPacking_38_9,OPTEngine,N/A,
OPTEngine_BinPacking_39,OPTEngine,N/A,
OPTEngine_BinPacking_39_1,OPTEngine,N/A,
OPTEngine_BinPacking_39_2,OPTEngine,N/A,
OPTEngine_BinPacking_39_3,OPTEngine,N/A,
OPTEngine_BinPacking_39_4,OPTEngine,N/A,
OPTEngine_BinPacking_39_5,OPTEngine,N/A,
OPTEngine_BinPacking_39_6,OPTEngine,N/A,
OPTEngine_BinPacking_39_7,OPTEngine,N/A,
OPTEngine_BinPacking_39_8,OPTEngine,N/A,
OPTEngine_BinPacking_39_9,OPTEngine,N/A,
OPTEngine_BinPacking_40,OPTEngine,N/A,
OPTEngine_BinPacking_40_1,OPTEngine,N/A,
OPTEngine_BinPacking_40_2,OPTEngine,N/A,
OPTEngine_BinPacking_40_3,OPTEngine,N/A,
OPTEngine_BinPacking_40_4,OPTEngine,N/A,
OPTEngine_BinPacking_40_5,OPTEngine,N/A,
OPTEngine_BinPacking_40_6,OPTEngine,N/A,
OPTEngine_BinPacking_40_7,OPTEngine,N/A,
OPTEngine_BinPacking_40_8,OPTEngine,N/A,
OPTEngine_BinPacking_40_9,OPTEngine,N/A,
OPTEngine_BinPacking_10_10,OPTEngine,N/A,
OPTEngine_BinPacking_11_10,OPTEngine,N/A,
OPTEngine_BinPacking_10_11,OPTEngine,N/A,
OPTEngine_BinPacking_11_11,OPTEngine,N/A,
OPTEngine_BinPacking_10_12,OPTEngine,N/A,
OPTEngine_BinPacking_10_13,OPTEngine,N/A,
OPTEngine_BinPacking_10_14,OPTEngine,N/A,
OPTEngine_BinPacking_10_15,OPTEngine,N/A,
OPTEngine_BinPacking_10_16,OPTEngine,N/A,
OPTEngine_BinPacking_11_12,OPTEngine,N/A,
OPTEngine_BinPacking_10_17,OPTEngine,N/A,
OPTEngine_BinPacking_10_18,OPTEngine,N/A,
OPTEngine_BinPacking_11_13,OPTEngine,N/A,
OPTEngine_BinPacking_11_14,OPTEngine,N/A,
OPTEngine_BinPacking_11_15,OPTEngine,N/A,
OPTEngine_BinPacking_11_16,OPTEngine,N/A,
OPTEngine_BinPacking_10_19,OPTEngine,N/A,
OPTEngine_BinPacking_12_10,OPTEngine,N/A,
OPTEngine_BinPacking_12_11,OPTEngine,N/A,
OPTEngine_BinPacking_11_17,OPTEngine,N/A,
OPTEngine_BinPacking_12_12,OPTEngine,N/A,
OPTEngine_BinPacking_12_13,OPTEngine,N/A,
OPTEngine_BinPacking_12_14,OPTEngine,N/A,
OPTEngine_BinPacking_12_15,OPTEngine,N/A,
OPTEngine_BinPacking_11_18,OPTEngine,N/A,
OPTEngine_BinPacking_13_10,OPTEngine,N/A,
OPTEngine_BinPacking_13_11,OPTEngine,N/A,
OPTEngine_BinPacking_12_16,OPTEngine,N/A,
OPTEngine_BinPacking_11_19,OPTEngine,N/A,
OPTEngine_BinPacking_13_12,OPTEngine,N/A,
OPTEngine_BinPacking_13_13,OPTEngine,N/A,
OPTEngine_BinPacking_13_14,OPTEngine,N/A,
OPTEngine_BinPacking_12_17,OPTEngine,N/A,
OPTEngine_BinPacking_13_15,OPTEngine,N/A,
OPTEngine_BinPacking_13_16,OPTEngine,N/A,
OPTEngine_BinPacking_13_17,OPTEngine,N/A,
OPTEngine_BinPacking_13_18,OPTEngine,N/A,
OPTEngine_BinPacking_13_19,OPTEngine,N/A,
OPTEngine_BinPacking_12_18,OPTEngine,N/A,
OPTEngine_BinPacking_14_10,OPTEngine,N/A,
OPTEngine_BinPacking_14_11,OPTEngine,N/A,
OPTEngine_BinPacking_14_12,OPTEngine,N/A,
OPTEngine_BinPacking_14_13,OPTEngine,N/A,
OPTEngine_BinPacking_14_14,OPTEngine,N/A,
OPTEngine_BinPacking_14_15,OPTEngine,N/A,
OPTEngine_BinPacking_14_16,OPTEngine,N/A,
OPTEngine_BinPacking_14_17,OPTEngine,N/A,
OPTEngine_BinPacking_14_18,OPTEngine,N/A,
OPTEngine_BinPacking_12_19,OPTEngine,N/A,
OPTEngine_BinPacking_15_10,OPTEngine,N/A,
OPTEngine_BinPacking_15_11,OPTEngine,N/A,
OPTEngine_BinPacking_14_19,OPTEngine,N/A,
OPTEngine_BinPacking_15_12,OPTEngine,N/A,
OPTEngine_BinPacking_15_13,OPTEngine,N/A,
OPTEngine_BinPacking_15_14,OPTEngine,N/A,
OPTEngine_BinPacking_15_15,OPTEngine,N/A,
OPTEngine_BinPacking_15_16,OPTEngine,N/A,
OPTEngine_BinPacking_15_17,OPTEngine,N/A,
OPTEngine_BinPacking_15_18,OPTEngine,N/A,
OPTEngine_BinPacking_16_10,OPTEngine,N/A,
OPTEngine_BinPacking_15_19,OPTEngine,N/A,
OPTEngine_BinPacking_16_11,OPTEngine,N/A,
OPTEngine_BinPacking_16_12,OPTEngine,N/A,
OPTEngine_BinPacking_16_13,OPTEngine,N/A,
OPTEngine_BinPacking_16_14,OPTEngine,N/A,
OPTEngine_BinPacking_16_15,OPTEngine,N/A,
OPTEngine_BinPacking_16_16,OPTEngine,N/A,
OPTEngine_BinPacking_16_17,OPTEngine,N/A,
OPTEngine_BinPacking_17_10,OPTEngine,N/A,
OPTEngine_BinPacking_16_18,OPTEngine,N/A,
OPTEngine_BinPacking_16_19,OPTEngine,N/A,
OPTEngine_BinPacking_17_11,OPTEngine,N/A,
OPTEngine_BinPacking_17_12,OPTEngine,N/A,
OPTEngine_BinPacking_17_13,OPTEngine,N/A,
OPTEngine_BinPacking_17_14,OPTEngine,N/A,
OPTEngine_BinPacking_17_15,OPTEngine,N/A,
OPTEngine_BinPacking_17_16,OPTEngine,N/A,
OPTEngine_BinPacking_18_10,OPTEngine,N/A,
OPTEngine_BinPacking_17_17,OPTEngine,N/A,
OPTEngine_BinPacking_17_18,OPTEngine,N/A,
OPTEngine_BinPacking_17_19,OPTEngine,N/A,
OPTEngine_BinPacking_18_11,OPTEngine,N/A,
OPTEngine_BinPacking_18_12,OPTEngine,N/A,
OPTEngine_BinPacking_18_13,OPTEngine,N/A,
OPTEngine_BinPacking_18_14,OPTEngine,N/A,
OPTEngine_BinPacking_18_15,OPTEngine,N/A,
OPTEngine_BinPacking_18_16,OPTEngine,N/A,
OPTEngine_BinPacking_18_17,OPTEngine,N/A,
OPTEngine_BinPacking_19_10,OPTEngine,N/A,
OPTEngine_BinPacking_18_18,OPTEngine,N/A,
OPTEngine_BinPacking_18_19,OPTEngine,N/A,
OPTEngine_BinPacking_19_11,OPTEngine,N/A,
OPTEngine_BinPacking_19_12,OPTEngine,N/A,
OPTEngine_BinPacking_19_13,OPTEngine,N/A,
OPTEngine_BinPacking_19_14,OPTEngine,N/A,
OPTEngine_BinPacking_19_15,OPTEngine,N/A,
OPTEngine_BinPacking_19_16,OPTEngine,N/A,
OPTEngine_BinPacking_19_17,OPTEngine,N/A,
OPTEngine_BinPacking_19_18,OPTEngine,N/A,
OPTEngine_BinPacking_20_10,OPTEngine,N/A,
OPTEngine_BinPacking_20_11,OPTEngine,N/A,
OPTEngine_BinPacking_20_12,OPTEngine,N/A,
OPTEngine_BinPacking_19_19,OPTEngine,N/A,
OPTEngine_BinPacking_20_13,OPTEngine,N/A,
OPTEngine_BinPacking_20_14,OPTEngine,N/A,
OPTEngine_BinPacking_20_15,OPTEngine,N/A,
OPTEngine_BinPacking_20_16,OPTEngine,N/A,
OPTEngine_BinPacking_20_17,OPTEngine,N/A,
OPTEngine_BinPacking_20_18,OPTEngine,N/A,
OPTEngine_BinPacking_20_19,OPTEngine,N/A,
OPTEngine_BinPacking_21_10,OPTEngine,N/A,
OPTEngine_BinPacking_21_11,OPTEngine,N/A,
OPTEngine_BinPacking_21_12,OPTEngine,N/A,
OPTEngine_BinPacking_21_13,OPTEngine,N/A,
OPTEngine_BinPacking_21_14,OPTEngine,N/A,
OPTEngine_BinPacking_21_15,OPTEngine,N/A,
OPTEngine_BinPacking_21_16,OPTEngine,N/A,
OPTEngine_BinPacking_21_17,OPTEngine,N/A,
OPTEngine_BinPacking_21_18,OPTEngine,N/A,
OPTEngine_BinPacking_21_19,OPTEngine,N/A,
OPTEngine_BinPacking_22_10,OPTEngine,N/A,
OPTEngine_BinPacking_22_11,OPTEngine,N/A,
OPTEngine_BinPacking_22_12,OPTEngine,N/A,
OPTEngine_BinPacking_22_13,OPTEngine,N/A,
OPTEngine_BinPacking_22_14,OPTEngine,N/A,
OPTEngine_BinPacking_22_15,OPTEngine,N/A,
OPTEngine_BinPacking_22_16,OPTEngine,N/A,
OPTEngine_BinPacking_22_17,OPTEngine,N/A,
OPTEngine_BinPacking_22_18,OPTEngine,N/A,
OPTEngine_BinPacking_23_10,OPTEngine,N/A,
OPTEngine_BinPacking_22_19,OPTEngine,N/A,
OPTEngine_BinPacking_23_11,OPTEngine,N/A,
OPTEngine_BinPacking_23_12,OPTEngine,N/A,
OPTEngine_BinPacking_23_13,OPTEngine,N/A,
OPTEngine_BinPacking_23_14,OPTEngine,N/A,
OPTEngine_BinPacking_23_15,OPTEngine,N/A,
OPTEngine_BinPacking_23_16,OPTEngine,N/A,
OPTEngine_BinPacking_24_10,OPTEngine,N/A,
OPTEngine_BinPacking_24_11,OPTEngine,N/A,
OPTEngine_BinPacking_24_12,OPTEngine,N/A,
OPTEngine_BinPacking_24_13,OPTEngine,N/A,
OPTEngine_BinPacking_24_14,OPTEngine,N/A,
OPTEngine_BinPacking_24_15,OPTEngine,N/A,
OPTEngine_BinPacking_25_10,OPTEngine,N/A,
OPTEngine_BinPacking_25_11,OPTEngine,N/A,
OPTEngine_BinPacking_24_16,OPTEngine,N/A,
OPTEngine_BinPacking_24_17,OPTEngine,N/A,
OPTEngine_BinPacking_23_17,OPTEngine,N/A,
OPTEngine_BinPacking_23_18,OPTEngine,N/A,
OPTEngine_BinPacking_25_12,OPTEngine,N/A,
OPTEngine_BinPacking_23_19,OPTEngine,N/A,
OPTEngine_BinPacking_24_18,OPTEngine,N/A,
OPTEngine_BinPacking_24_19,OPTEngine,N/A,
OPTEngine_BinPacking_25_13,OPTEngine,N/A,
OPTEngine_BinPacking_25_14,OPTEngine,N/A,
OPTEngine_BinPacking_25_15,OPTEngine,N/A,
OPTEngine_BinPacking_25_16,OPTEngine,N/A,
OPTEngine_BinPacking_25_17,OPTEngine,N/A,
OPTEngine_BinPacking_25_18,OPTEngine,N/A,
OPTEngine_BinPacking_25_19,OPTEngine,N/A,
OPTEngine_BinPacking_26_10,OPTEngine,N/A,
OPTEngine_BinPacking_26_11,OPTEngine,N/A,
OPTEngine_BinPacking_26_12,OPTEngine,N/A,
OPTEngine_BinPacking_26_13,OPTEngine,N/A,
OPTEngine_BinPacking_26_14,OPTEngine,N/A,
OPTEngine_BinPacking_26_15,OPTEngine,N/A,
OPTEngine_BinPacking_26_16,OPTEngine,N/A,
OPTEngine_BinPacking_26_17,OPTEngine,N/A,
OPTEngine_BinPacking_26_18,OPTEngine,N/A,
OPTEngine_BinPacking_27_10,OPTEngine,N/A,
OPTEngine_BinPacking_27_11,OPTEngine,N/A,
OPTEngine_BinPacking_26_19,OPTEngine,N/A,
OPTEngine_BinPacking_27_12,OPTEngine,N/A,
OPTEngine_BinPacking_27_13,OPTEngine,N/A,
OPTEngine_BinPacking_27_14,OPTEngine,N/A,
OPTEngine_BinPacking_27_15,OPTEngine,N/A,
OPTEngine_BinPacking_27_16,OPTEngine,N/A,
OPTEngine_BinPacking_27_17,OPTEngine,N/A,
OPTEngine_BinPacking_27_18,OPTEngine,N/A,
OPTEngine_BinPacking_27_19,OPTEngine,N/A,
OPTEngine_BinPacking_28_10,OPTEngine,N/A,
OPTEngine_BinPacking_28_11,OPTEngine,N/A,
OPTEngine_BinPacking_28_12,OPTEngine,N/A,
OPTEngine_BinPacking_28_13,OPTEngine,N/A,
OPTEngine_BinPacking_28_14,OPTEngine,N/A,
OPTEngine_BinPacking_28_15,OPTEngine,N/A,
OPTEngine_BinPacking_28_16,OPTEngine,N/A,
OPTEngine_BinPacking_28_17,OPTEngine,N/A,
OPTEngine_BinPacking_28_18,OPTEngine,N/A,
OPTEngine_BinPacking_28_19,OPTEngine,N/A,
OPTEngine_BinPacking_29_10,OPTEngine,N/A,
OPTEngine_BinPacking_29_11,OPTEngine,N/A,
OPTEngine_BinPacking_29_12,OPTEngine,N/A,
OPTEngine_BinPacking_29_13,OPTEngine,N/A,
OPTEngine_BinPacking_29_14,OPTEngine,N/A,
OPTEngine_BinPacking_29_15,OPTEngine,N/A,
OPTEngine_BinPacking_29_16,OPTEngine,N/A,
OPTEngine_BinPacking_29_17,OPTEngine,N/A,
OPTEngine_BinPacking_29_18,OPTEngine,N/A,
OPTEngine_BinPacking_29_19,OPTEngine,N/A,
OPTEngine_BinPacking_30_10,OPTEngine,N/A,
OPTEngine_BinPacking_30_11,OPTEngine,N/A,
OPTEngine_BinPacking_30_12,OPTEngine,N/A,
OPTEngine_BinPacking_31_10,OPTEngine,N/A,
OPTEngine_BinPacking_30_13,OPTEngine,N/A,
OPTEngine_BinPacking_30_14,OPTEngine,N/A,
OPTEngine_BinPacking_31_11,OPTEngine,N/A,
OPTEngine_BinPacking_31_12,OPTEngine,N/A,
OPTEngine_BinPacking_30_15,OPTEngine,N/A,
OPTEngine_BinPacking_30_16,OPTEngine,N/A,
OPTEngine_BinPacking_30_17,OPTEngine,N/A,
OPTEngine_BinPacking_30_18,OPTEngine,N/A,
OPTEngine_BinPacking_31_13,OPTEngine,N/A,
OPTEngine_BinPacking_31_14,OPTEngine,N/A,
OPTEngine_BinPacking_31_15,OPTEngine,N/A,
OPTEngine_BinPacking_31_16,OPTEngine,N/A,
OPTEngine_BinPacking_30_19,OPTEngine,N/A,
OPTEngine_BinPacking_31_17,OPTEngine,N/A,
OPTEngine_BinPacking_31_18,OPTEngine,N/A,
OPTEngine_BinPacking_32_10,OPTEngine,N/A,
OPTEngine_BinPacking_32_11,OPTEngine,N/A,
OPTEngine_BinPacking_31_19,OPTEngine,N/A,
OPTEngine_BinPacking_32_12,OPTEngine,N/A,
OPTEngine_BinPacking_32_13,OPTEngine,N/A,
OPTEngine_BinPacking_32_14,OPTEngine,N/A,
OPTEngine_BinPacking_32_15,OPTEngine,N/A,
OPTEngine_BinPacking_32_16,OPTEngine,N/A,
OPTEngine_BinPacking_32_17,OPTEngine,N/A,
OPTEngine_BinPacking_32_18,OPTEngine,N/A,
OPTEngine_BinPacking_32_19,OPTEngine,N/A,
OPTEngine_BinPacking_33_10,OPTEngine,N/A,
OPTEngine_BinPacking_33_11,OPTEngine,N/A,
OPTEngine_BinPacking_33_12,OPTEngine,N/A,
OPTEngine_BinPacking_33_13,OPTEngine,N/A,
OPTEngine_BinPacking_33_14,OPTEngine,N/A,
OPTEngine_BinPacking_33_15,OPTEngine,N/A,
OPTEngine_BinPacking_33_16,OPTEngine,N/A,
OPTEngine_BinPacking_33_17,OPTEngine,N/A,
OPTEngine_BinPacking_33_18,OPTEngine,N/A,
OPTEngine_BinPacking_34_10,OPTEngine,N/A,
OPTEngine_BinPacking_33_19,OPTEngine,N/A,
OPTEngine_BinPacking_34_11,OPTEngine,N/A,
OPTEngine_BinPacking_34_12,OPTEngine,N/A,
OPTEngine_BinPacking_34_13,OPTEngine,N/A,
OPTEngine_BinPacking_34_14,OPTEngine,N/A,
OPTEngine_BinPacking_34_15,OPTEngine,N/A,
OPTEngine_BinPacking_34_16,OPTEngine,N/A,
OPTEngine_BinPacking_34_17,OPTEngine,N/A,
OPTEngine_BinPacking_34_18,OPTEngine,N/A,
OPTEngine_BinPacking_34_19,OPTEngine,N/A,
OPTEngine_BinPacking_35_10,OPTEngine,N/A,
OPTEngine_BinPacking_35_11,OPTEngine,N/A,
OPTEngine_BinPacking_35_12,OPTEngine,N/A,
OPTEngine_BinPacking_35_13,OPTEngine,N/A,
OPTEngine_BinPacking_35_14,OPTEngine,N/A,
OPTEngine_BinPacking_35_15,OPTEngine,N/A,
OPTEngine_BinPacking_35_16,OPTEngine,N/A,
OPTEngine_BinPacking_35_17,OPTEngine,N/A,
OPTEngine_BinPacking_36_10,OPTEngine,N/A,
OPTEngine_BinPacking_36_11,OPTEngine,N/A,
OPTEngine_BinPacking_35_18,OPTEngine,N/A,
OPTEngine_BinPacking_36_12,OPTEngine,N/A,
OPTEngine_BinPacking_36_13,OPTEngine,N/A,
OPTEngine_BinPacking_36_14,OPTEngine,N/A,
OPTEngine_BinPacking_35_19,OPTEngine,N/A,
OPTEngine_BinPacking_36_15,OPTEngine,N/A,
OPTEngine_BinPacking_36_16,OPTEngine,N/A,
OPTEngine_BinPacking_36_17,OPTEngine,N/A,
OPTEngine_BinPacking_36_18,OPTEngine,N/A,
OPTEngine_BinPacking_36_19,OPTEngine,N/A,
OPTEngine_BinPacking_37_10,OPTEngine,N/A,
OPTEngine_BinPacking_37_11,OPTEngine,N/A,
OPTEngine_BinPacking_37_12,OPTEngine,N/A,
OPTEngine_BinPacking_37_13,OPTEngine,N/A,
OPTEngine_BinPacking_37_14,OPTEngine,N/A,
OPTEngine_BinPacking_37_15,OPTEngine,N/A,
OPTEngine_BinPacking_37_16,OPTEngine,N/A,
OPTEngine_BinPacking_37_17,OPTEngine,N/A,
OPTEngine_BinPacking_37_18,OPTEngine,N/A,
OPTEngine_BinPacking_38_10,OPTEngine,N/A,
OPTEngine_BinPacking_37_19,OPTEngine,N/A,
OPTEngine_BinPacking_38_11,OPTEngine,N/A,
OPTEngine_BinPacking_38_12,OPTEngine,N/A,
OPTEngine_BinPacking_38_13,OPTEngine,N/A,
OPTEngine_BinPacking_38_14,OPTEngine,N/A,
OPTEngine_BinPacking_38_15,OPTEngine,N/A,
OPTEngine_BinPacking_38_16,OPTEngine,N/A,
OPTEngine_BinPacking_38_17,OPTEngine,N/A,
OPTEngine_BinPacking_38_18,OPTEngine,N/A,
OPTEngine_BinPacking_38_19,OPTEngine,N/A,
OPTEngine_BinPacking_39_10,OPTEngine,N/A,
OPTEngine_BinPacking_39_11,OPTEngine,N/A,
OPTEngine_BinPacking_39_12,OPTEngine,N/A,
OPTEngine_BinPacking_39_13,OPTEngine,N/A,
OPTEngine_BinPacking_39_14,OPTEngine,N/A,
OPTEngine_BinPacking_39_15,OPTEngine,N/A,
OPTEngine_BinPacking_39_16,OPTEngine,N/A,
OPTEngine_BinPacking_39_17,OPTEngine,N/A,
OPTEngine_BinPacking_39_18,OPTEngine,N/A,
OPTEngine_BinPacking_40_10,OPTEngine,N/A,
OPTEngine_BinPacking_40_11,OPTEngine,N/A,
OPTEngine_BinPacking_40_12,OPTEngine,N/A,
OPTEngine_BinPacking_39_19,OPTEngine,N/A,
OPTEngine_BinPacking_40_13,OPTEngine,N/A,
OPTEngine_BinPacking_40_14,OPTEngine,N/A,
OPTEngine_BinPacking_40_15,OPTEngine,N/A,
OPTEngine_BinPacking_40_16,OPTEngine,N/A,
OPTEngine_BinPacking_40_17,OPTEngine,N/A,
OPTEngine_BinPacking_40_18,OPTEngine,N/A,
OPTEngine_BinPacking_40_19,OPTEngine,N/A,
OPTEngine_Inventory_5,OPTEngine,N/A,
OPTEngine_Inventory_5_1,OPTEngine,N/A,
OPTEngine_Inventory_5_2,OPTEngine,N/A,
OPTEngine_Inventory_5_3,OPTEngine,N/A,
OPTEngine_Inventory_6,OPTEngine,N/A,
OPTEngine_Inventory_5_4,OPTEngine,N/A,
OPTEngine_Inventory_6_1,OPTEngine,N/A,
OPTEngine_Inventory_6_2,OPTEngine,N/A,
OPTEngine_Inventory_5_5,OPTEngine,N/A,
OPTEngine_Inventory_6_3,OPTEngine,N/A,
OPTEngine_Inventory_5_6,OPTEngine,N/A,
OPTEngine_Inventory_5_7,OPTEngine,N/A,
OPTEngine_Inventory_5_8,OPTEngine,N/A,
OPTEngine_Inventory_6_4,OPTEngine,N/A,
OPTEngine_Inventory_5_9,OPTEngine,N/A,
OPTEngine_Inventory_6_5,OPTEngine,N/A,
OPTEngine_Inventory_6_6,OPTEngine,N/A,
OPTEngine_Inventory_6_7,OPTEngine,N/A,
OPTEngine_Inventory_6_8,OPTEngine,N/A,
OPTEngine_Inventory_6_9,OPTEngine,N/A,
OPTEngine_Inventory_7,OPTEngine,N/A,
OPTEngine_Inventory_7_1,OPTEngine,N/A,
OPTEngine_Inventory_7_2,OPTEngine,N/A,
OPTEngine_Inventory_7_3,OPTEngine,N/A,
OPTEngine_Inventory_7_4,OPTEngine,N/A,
OPTEngine_Inventory_7_5,OPTEngine,N/A,
OPTEngine_Inventory_7_6,OPTEngine,N/A,
OPTEngine_Inventory_7_7,OPTEngine,N/A,
OPTEngine_Inventory_7_8,OPTEngine,N/A,
OPTEngine_Inventory_7_9,OPTEngine,N/A,
OPTEngine_Inventory_8,OPTEngine,N/A,
OPTEngine_Inventory_8_1,OPTEngine,N/A,
OPTEngine_Inventory_8_2,OPTEngine,N/A,
OPTEngine_Inventory_8_3,OPTEngine,N/A,
OPTEngine_Inventory_8_4,OPTEngine,N/A,
OPTEngine_Inventory_8_5,OPTEngine,N/A,
OPTEngine_Inventory_9,OPTEngine,N/A,
OPTEngine_Inventory_8_6,OPTEngine,N/A,
OPTEngine_Inventory_8_7,OPTEngine,N/A,
OPTEngine_Inventory_8_8,OPTEngine,N/A,
OPTEngine_Inventory_9_1,OPTEngine,N/A,
OPTEngine_Inventory_8_9,OPTEngine,N/A,
OPTEngine_Inventory_9_2,OPTEngine,N/A,
OPTEngine_Inventory_9_3,OPTEngine,N/A,
OPTEngine_Inventory_9_4,OPTEngine,N/A,
OPTEngine_Inventory_9_5,OPTEngine,N/A,
OPTEngine_Inventory_9_6,OPTEngine,N/A,
OPTEngine_Inventory_9_7,OPTEngine,N/A,
OPTEngine_Inventory_9_8,OPTEngine,N/A,
OPTEngine_Inventory_9_9,OPTEngine,N/A,
OPTEngine_Inventory_10,OPTEngine,N/A,
OPTEngine_Inventory_10_1,OPTEngine,N/A,
OPTEngine_Inventory_10_2,OPTEngine,N/A,
OPTEngine_Inventory_10_3,OPTEngine,N/A,
OPTEngine_Inventory_10_4,OPTEngine,N/A,
OPTEngine_Inventory_10_5,OPTEngine,N/A,
OPTEngine_Inventory_10_6,OPTEngine,N/A,
OPTEngine_Inventory_10_7,OPTEngine,N/A,
OPTEngine_Inventory_10_8,OPTEngine,N/A,
OPTEngine_Inventory_10_9,OPTEngine,N/A,
OPTEngine_Inventory_11,OPTEngine,N/A,
OPTEngine_Inventory_11_1,OPTEngine,N/A,
OPTEngine_Inventory_11_2,OPTEngine,N/A,
OPTEngine_Inventory_11_3,OPTEngine,N/A,
OPTEngine_Inventory_11_4,OPTEngine,N/A,
OPTEngine_Inventory_11_5,OPTEngine,N/A,
OPTEngine_Inventory_11_6,OPTEngine,N/A,
OPTEngine_Inventory_11_7,OPTEngine,N/A,
OPTEngine_Inventory_11_8,OPTEngine,N/A,
OPTEngine_Inventory_11_9,OPTEngine,N/A,
OPTEngine_Inventory_12,OPTEngine,N/A,
OPTEngine_Inventory_12_1,OPTEngine,N/A,
OPTEngine_Inventory_12_2,OPTEngine,N/A,
OPTEngine_Inventory_12_3,OPTEngine,N/A,
OPTEngine_Inventory_12_4,OPTEngine,N/A,
OPTEngine_Inventory_12_5,OPTEngine,N/A,
OPTEngine_Inventory_12_6,OPTEngine,N/A,
OPTEngine_Inventory_12_7,OPTEngine,N/A,
OPTEngine_Inventory_12_8,OPTEngine,N/A,
OPTEngine_Inventory_12_9,OPTEngine,N/A,
OPTEngine_Inventory_13,OPTEngine,N/A,
OPTEngine_Inventory_13_1,OPTEngine,N/A,
OPTEngine_Inventory_13_2,OPTEngine,N/A,
OPTEngine_Inventory_13_3,OPTEngine,N/A,
OPTEngine_Inventory_13_4,OPTEngine,N/A,
OPTEngine_Inventory_13_5,OPTEngine,N/A,
OPTEngine_Inventory_13_6,OPTEngine,N/A,
OPTEngine_Inventory_14,OPTEngine,N/A,
OPTEngine_Inventory_13_7,OPTEngine,N/A,
OPTEngine_Inventory_14_1,OPTEngine,N/A,
OPTEngine_Inventory_13_8,OPTEngine,N/A,
OPTEngine_Inventory_14_2,OPTEngine,N/A,
OPTEngine_Inventory_14_3,OPTEngine,N/A,
OPTEngine_Inventory_14_4,OPTEngine,N/A,
OPTEngine_Inventory_14_5,OPTEngine,N/A,
OPTEngine_Inventory_13_9,OPTEngine,N/A,
OPTEngine_Inventory_14_6,OPTEngine,N/A,
OPTEngine_Inventory_14_7,OPTEngine,N/A,
OPTEngine_Inventory_14_8,OPTEngine,N/A,
OPTEngine_Inventory_14_9,OPTEngine,N/A,
OPTEngine_Inventory_15,OPTEngine,N/A,
OPTEngine_Inventory_15_1,OPTEngine,N/A,
OPTEngine_Inventory_15_2,OPTEngine,N/A,
OPTEngine_Inventory_15_3,OPTEngine,N/A,
OPTEngine_Inventory_15_4,OPTEngine,N/A,
OPTEngine_Inventory_15_5,OPTEngine,N/A,
OPTEngine_Inventory_15_6,OPTEngine,N/A,
OPTEngine_Inventory_15_7,OPTEngine,N/A,
OPTEngine_Inventory_15_8,OPTEngine,N/A,
OPTEngine_Inventory_15_9,OPTEngine,N/A,
OPTEngine_Inventory_16,OPTEngine,N/A,
OPTEngine_Inventory_16_1,OPTEngine,N/A,
OPTEngine_Inventory_16_2,OPTEngine,N/A,
OPTEngine_Inventory_16_3,OPTEngine,N/A,
OPTEngine_Inventory_16_4,OPTEngine,N/A,
OPTEngine_Inventory_16_5,OPTEngine,N/A,
OPTEngine_Inventory_16_6,OPTEngine,N/A,
OPTEngine_Inventory_16_7,OPTEngine,N/A,
OPTEngine_Inventory_17,OPTEngine,N/A,
OPTEngine_Inventory_17_1,OPTEngine,N/A,
OPTEngine_Inventory_16_8,OPTEngine,N/A,
OPTEngine_Inventory_16_9,OPTEngine,N/A,
OPTEngine_Inventory_17_2,OPTEngine,N/A,
OPTEngine_Inventory_17_3,OPTEngine,N/A,
OPTEngine_Inventory_17_4,OPTEngine,N/A,
OPTEngine_Inventory_17_5,OPTEngine,N/A,
OPTEngine_Inventory_17_6,OPTEngine,N/A,
OPTEngine_Inventory_17_7,OPTEngine,N/A,
OPTEngine_Inventory_17_8,OPTEngine,N/A,
OPTEngine_Inventory_18,OPTEngine,N/A,
OPTEngine_Inventory_17_9,OPTEngine,N/A,
OPTEngine_Inventory_18_1,OPTEngine,N/A,
OPTEngine_Inventory_18_2,OPTEngine,N/A,
OPTEngine_Inventory_18_3,OPTEngine,N/A,
OPTEngine_Inventory_18_4,OPTEngine,N/A,
OPTEngine_Inventory_18_5,OPTEngine,N/A,
OPTEngine_Inventory_18_6,OPTEngine,N/A,
OPTEngine_Inventory_18_7,OPTEngine,N/A,
OPTEngine_Inventory_18_8,OPTEngine,N/A,
OPTEngine_Inventory_18_9,OPTEngine,N/A,
OPTEngine_Inventory_19,OPTEngine,N/A,
OPTEngine_Inventory_19_1,OPTEngine,N/A,
OPTEngine_Inventory_19_2,OPTEngine,N/A,
OPTEngine_Inventory_19_3,OPTEngine,N/A,
OPTEngine_Inventory_19_4,OPTEngine,N/A,
OPTEngine_Inventory_19_5,OPTEngine,N/A,
OPTEngine_Inventory_19_6,OPTEngine,N/A,
OPTEngine_Inventory_19_7,OPTEngine,N/A,
OPTEngine_Inventory_19_8,OPTEngine,N/A,
OPTEngine_Inventory_19_9,OPTEngine,N/A,
OPTEngine_Inventory_20,OPTEngine,N/A,
OPTEngine_Inventory_20_1,OPTEngine,N/A,
OPTEngine_Inventory_20_2,OPTEngine,N/A,
OPTEngine_Inventory_20_3,OPTEngine,N/A,
OPTEngine_Inventory_20_4,OPTEngine,N/A,
OPTEngine_Inventory_20_5,OPTEngine,N/A,
OPTEngine_Inventory_20_6,OPTEngine,N/A,
OPTEngine_Inventory_20_7,OPTEngine,N/A,
OPTEngine_Inventory_20_8,OPTEngine,N/A,
OPTEngine_Inventory_20_9,OPTEngine,N/A,
OPTEngine_JobShop,OPTEngine,N/A,controlled high coupling
OPTEngine_JobShop_3_1,OPTEngine,N/A,
OPTEngine_JobShop_3_2,OPTEngine,N/A,
OPTEngine_JobShop_3_3,OPTEngine,N/A,
OPTEngine_JobShop_3_4,OPTEngine,N/A,
OPTEngine_JobShop_3_5,OPTEngine,N/A,
OPTEngine_JobShop_3_6,OPTEngine,N/A,
OPTEngine_JobShop_3_7,OPTEngine,N/A,
OPTEngine_JobShop_3_8,OPTEngine,N/A,
OPTEngine_JobShop_3_9,OPTEngine,N/A,
OPTEngine_JobShop_4,OPTEngine,N/A,
OPTEngine_JobShop_4_1,OPTEngine,N/A,
OPTEngine_JobShop_4_2,OPTEngine,N/A,
OPTEngine_JobShop_4_3,OPTEngine,N/A,
OPTEngine_JobShop_4_4,OPTEngine,N/A,
OPTEngine_JobShop_4_5,OPTEngine,N/A,
OPTEngine_JobShop_4_6,OPTEngine,N/A,
OPTEngine_JobShop_4_7,OPTEngine,N/A,
OPTEngine_JobShop_4_8,OPTEngine,N/A,
OPTEngine_JobShop_4_9,OPTEngine,N/A,
OPTEngine_JobShop_5,OPTEngine,N/A,
OPTEngine_JobShop_5_1,OPTEngine,N/A,
OPTEngine_JobShop_5_2,OPTEngine,N/A,
OPTEngine_JobShop_5_3,OPTEngine,N/A,
OPTEngine_JobShop_5_4,OPTEngine,N/A,
OPTEngine_JobShop_5_5,OPTEngine,N/A,
OPTEngine_JobShop_5_6,OPTEngine,N/A,
OPTEngine_JobShop_5_7,OPTEngine,N/A,
OPTEngine_JobShop_5_8,OPTEngine,N/A,
OPTEngine_JobShop_5_9,OPTEngine,N/A,
OPTEngine_JobShop_6,OPTEngine,N/A,
OPTEngine_JobShop_6_1,OPTEngine,N/A,
OPTEngine_JobShop_6_2,OPTEngine,N/A,
OPTEngine_JobShop_6_3,OPTEngine,N/A,
OPTEngine_JobShop_6_4,OPTEngine,N/A,
OPTEngine_JobShop_6_5,OPTEngine,N/A,
OPTEngine_JobShop_6_6,OPTEngine,N/A,
OPTEngine_JobShop_6_7,OPTEngine,N/A,
OPTEngine_JobShop_6_8,OPTEngine,N/A,
OPTEngine_JobShop_6_9,OPTEngine,N/A,
OPTEngine_JobShop_7,OPTEngine,N/A,
OPTEngine_JobShop_7_1,OPTEngine,N/A,
OPTEngine_JobShop_7_2,OPTEngine,N/A,
OPTEngine_JobShop_7_3,OPTEngine,N/A,
OPTEngine_JobShop_7_4,OPTEngine,N/A,
OPTEngine_JobShop_7_5,OPTEngine,N/A,
OPTEngine_JobShop_7_6,OPTEngine,N/A,
OPTEngine_JobShop_7_7,OPTEngine,N/A,
OPTEngine_JobShop_7_8,OPTEngine,N/A,
OPTEngine_JobShop_7_9,OPTEngine,N/A,
OPTEngine_JobShop_8,OPTEngine,N/A,
OPTEngine_JobShop_8_1,OPTEngine,N/A,
OPTEngine_JobShop_8_2,OPTEngine,N/A,
OPTEngine_JobShop_8_3,OPTEngine,N/A,
OPTEngine_JobShop_8_4,OPTEngine,N/A,
OPTEngine_JobShop_8_5,OPTEngine,N/A,
OPTEngine_JobShop_8_6,OPTEngine,N/A,
OPTEngine_JobShop_8_7,OPTEngine,N/A,
OPTEngine_JobShop_8_8,OPTEngine,N/A,
OPTEngine_JobShop_8_9,OPTEngine,N/A,
OPTEngine_JobShop_9,OPTEngine,N/A,
OPTEngine_JobShop_9_1,OPTEngine,N/A,
OPTEngine_JobShop_9_2,OPTEngine,N/A,
OPTEngine_JobShop_9_3,OPTEngine,N/A,
OPTEngine_JobShop_9_4,OPTEngine,N/A,
OPTEngine_JobShop_9_5,OPTEngine,N/A,
OPTEngine_JobShop_9_6,OPTEngine,N/A,
OPTEngine_JobShop_9_7,OPTEngine,N/A,
OPTEngine_JobShop_9_8,OPTEngine,N/A,
OPTEngine_JobShop_9_9,OPTEngine,N/A,
OPTEngine_JobShop_10,OPTEngine,N/A,
OPTEngine_JobShop_10_1,OPTEngine,N/A,
OPTEngine_JobShop_10_2,OPTEngine,N/A,
OPTEngine_JobShop_10_3,OPTEngine,N/A,
OPTEngine_JobShop_10_4,OPTEngine,N/A,
OPTEngine_JobShop_10_5,OPTEngine,N/A,
OPTEngine_JobShop_10_6,OPTEngine,N/A,
OPTEngine_JobShop_10_7,OPTEngine,N/A,
OPTEngine_JobShop_10_8,OPTEngine,N/A,
OPTEngine_JobShop_10_9,OPTEngine,N/A,
OPTEngine_JobShop_3_10,OPTEngine,N/A,
OPTEngine_JobShop_3_11,OPTEngine,N/A,
OPTEngine_JobShop_3_12,OPTEngine,N/A,
OPTEngine_JobShop_3_13,OPTEngine,N/A,
OPTEngine_JobShop_3_14,OPTEngine,N/A,
OPTEngine_JobShop_3_15,OPTEngine,N/A,
OPTEngine_JobShop_3_16,OPTEngine,N/A,
OPTEngine_JobShop_3_17,OPTEngine,N/A,
OPTEngine_JobShop_3_18,OPTEngine,N/A,
OPTEngine_JobShop_3_19,OPTEngine,N/A,
OPTEngine_JobShop_4_10,OPTEngine,N/A,
OPTEngine_JobShop_4_11,OPTEngine,N/A,
OPTEngine_JobShop_4_12,OPTEngine,N/A,
OPTEngine_JobShop_4_13,OPTEngine,N/A,
OPTEngine_JobShop_4_14,OPTEngine,N/A,
OPTEngine_JobShop_4_15,OPTEngine,N/A,
OPTEngine_JobShop_4_16,OPTEngine,N/A,
OPTEngine_JobShop_4_17,OPTEngine,N/A,
OPTEngine_JobShop_4_18,OPTEngine,N/A,
OPTEngine_JobShop_4_19,OPTEngine,N/A,
OPTEngine_JobShop_5_10,OPTEngine,N/A,
OPTEngine_JobShop_5_11,OPTEngine,N/A,
OPTEngine_JobShop_5_12,OPTEngine,N/A,
OPTEngine_JobShop_5_13,OPTEngine,N/A,
OPTEngine_JobShop_5_14,OPTEngine,N/A,
OPTEngine_JobShop_5_15,OPTEngine,N/A,
OPTEngine_JobShop_5_16,OPTEngine,N/A,
OPTEngine_JobShop_5_17,OPTEngine,N/A,
OPTEngine_JobShop_5_18,OPTEngine,N/A,
OPTEngine_JobShop_5_19,OPTEngine,N/A,
OPTEngine_JobShop_6_10,OPTEngine,N/A,
OPTEngine_JobShop_6_11,OPTEngine,N/A,
OPTEngine_JobShop_6_12,OPTEngine,N/A,
OPTEngine_JobShop_6_13,OPTEngine,N/A,
OPTEngine_JobShop_6_14,OPTEngine,N/A,
OPTEngine_JobShop_6_15,OPTEngine,N/A,
OPTEngine_JobShop_6_16,OPTEngine,N/A,
OPTEngine_JobShop_6_17,OPTEngine,N/A,
OPTEngine_JobShop_6_18,OPTEngine,N/A,
OPTEngine_JobShop_6_19,OPTEngine,N/A,
OPTEngine_JobShop_7_10,OPTEngine,N/A,
OPTEngine_JobShop_7_11,OPTEngine,N/A,
OPTEngine_JobShop_7_12,OPTEngine,N/A,
OPTEngine_JobShop_7_13,OPTEngine,N/A,
OPTEngine_JobShop_7_14,OPTEngine,N/A,
OPTEngine_JobShop_7_15,OPTEngine,N/A,
OPTEngine_JobShop_7_16,OPTEngine,N/A,
OPTEngine_JobShop_7_17,OPTEngine,N/A,
OPTEngine_JobShop_7_18,OPTEngine,N/A,
OPTEngine_JobShop_7_19,OPTEngine,N/A,
OPTEngine_JobShop_8_10,OPTEngine,N/A,
OPTEngine_JobShop_8_11,OPTEngine,N/A,
OPTEngine_JobShop_8_12,OPTEngine,N/A,
OPTEngine_JobShop_8_13,OPTEngine,N/A,
OPTEngine_JobShop_8_14,OPTEngine,N/A,
OPTEngine_JobShop_8_15,OPTEngine,N/A,
OPTEngine_JobShop_8_16,OPTEngine,N/A,
OPTEngine_JobShop_8_17,OPTEngine,N/A,
OPTEngine_JobShop_8_18,OPTEngine,N/A,
OPTEngine_JobShop_8_19,OPTEngine,N/A,
OPTEngine_JobShop_9_10,OPTEngine,N/A,
OPTEngine_JobShop_9_11,OPTEngine,N/A,
OPTEngine_JobShop_9_12,OPTEngine,N/A,
OPTEngine_JobShop_9_13,OPTEngine,N/A,
OPTEngine_JobShop_9_14,OPTEngine,N/A,
OPTEngine_JobShop_9_15,OPTEngine,N/A,
OPTEngine_JobShop_9_16,OPTEngine,N/A,
OPTEngine_JobShop_9_17,OPTEngine,N/A,
OPTEngine_JobShop_9_18,OPTEngine,N/A,
OPTEngine_JobShop_9_19,OPTEngine,N/A,
OPTEngine_JobShop_10_10,OPTEngine,N/A,
OPTEngine_JobShop_10_11,OPTEngine,N/A,
OPTEngine_JobShop_10_12,OPTEngine,N/A,
OPTEngine_JobShop_10_13,OPTEngine,N/A,
OPTEngine_JobShop_10_14,OPTEngine,N/A,
OPTEngine_JobShop_10_15,OPTEngine,N/A,
OPTEngine_JobShop_10_16,OPTEngine,N/A,
OPTEngine_JobShop_10_17,OPTEngine,N/A,
OPTEngine_JobShop_10_18,OPTEngine,N/A,
OPTEngine_JobShop_10_19,OPTEngine,N/A,
OPTEngine_Knapsack_5,OPTEngine,N/A,
OPTEngine_Knapsack_5_1,OPTEngine,N/A,
OPTEngine_Knapsack_5_2,OPTEngine,N/A,
OPTEngine_Knapsack_5_3,OPTEngine,N/A,
OPTEngine_Knapsack_5_4,OPTEngine,N/A,
OPTEngine_Knapsack_5_5,OPTEngine,N/A,
OPTEngine_Knapsack_5_6,OPTEngine,N/A,
OPTEngine_Knapsack_5_7,OPTEngine,N/A,
OPTEngine_Knapsack_5_8,OPTEngine,N/A,
OPTEngine_Knapsack_5_9,OPTEngine,N/A,
OPTEngine_Knapsack_6,OPTEngine,N/A,
OPTEngine_Knapsack_6_1,OPTEngine,N/A,
OPTEngine_Knapsack_6_2,OPTEngine,N/A,
OPTEngine_Knapsack_6_3,OPTEngine,N/A,
OPTEngine_Knapsack_6_4,OPTEngine,N/A,
OPTEngine_Knapsack_6_5,OPTEngine,N/A,
OPTEngine_Knapsack_6_6,OPTEngine,N/A,
OPTEngine_Knapsack_6_7,OPTEngine,N/A,
OPTEngine_Knapsack_7,OPTEngine,N/A,
OPTEngine_Knapsack_7_1,OPTEngine,N/A,
OPTEngine_Knapsack_6_8,OPTEngine,N/A,
OPTEngine_Knapsack_7_2,OPTEngine,N/A,
OPTEngine_Knapsack_6_9,OPTEngine,N/A,
OPTEngine_Knapsack_7_3,OPTEngine,N/A,
OPTEngine_Knapsack_7_4,OPTEngine,N/A,
OPTEngine_Knapsack_7_5,OPTEngine,N/A,
OPTEngine_Knapsack_7_6,OPTEngine,N/A,
OPTEngine_Knapsack_7_7,OPTEngine,N/A,
OPTEngine_Knapsack_7_8,OPTEngine,N/A,
OPTEngine_Knapsack_7_9,OPTEngine,N/A,
OPTEngine_Knapsack_8,OPTEngine,N/A,
OPTEngine_Knapsack_8_1,OPTEngine,N/A,
OPTEngine_Knapsack_8_2,OPTEngine,N/A,
OPTEngine_Knapsack_8_3,OPTEngine,N/A,
OPTEngine_Knapsack_8_4,OPTEngine,N/A,
OPTEngine_Knapsack_8_5,OPTEngine,N/A,
OPTEngine_Knapsack_8_6,OPTEngine,N/A,
OPTEngine_Knapsack_8_7,OPTEngine,N/A,
OPTEngine_Knapsack_8_8,OPTEngine,N/A,
OPTEngine_Knapsack_8_9,OPTEngine,N/A,
OPTEngine_Knapsack_9,OPTEngine,N/A,
OPTEngine_Knapsack_9_1,OPTEngine,N/A,
OPTEngine_Knapsack_9_2,OPTEngine,N/A,
OPTEngine_Knapsack_9_3,OPTEngine,N/A,
OPTEngine_Knapsack_9_4,OPTEngine,N/A,
OPTEngine_Knapsack_9_5,OPTEngine,N/A,
OPTEngine_Knapsack_9_6,OPTEngine,N/A,
OPTEngine_Knapsack_9_7,OPTEngine,N/A,
OPTEngine_Knapsack_9_8,OPTEngine,N/A,
OPTEngine_Knapsack_9_9,OPTEngine,N/A,
OPTEngine_Knapsack_10,OPTEngine,N/A,
OPTEngine_Knapsack_10_1,OPTEngine,N/A,
OPTEngine_Knapsack_10_2,OPTEngine,N/A,
OPTEngine_Knapsack_10_3,OPTEngine,N/A,
OPTEngine_Knapsack_10_4,OPTEngine,N/A,
OPTEngine_Knapsack_10_5,OPTEngine,N/A,
OPTEngine_Knapsack_10_6,OPTEngine,N/A,
OPTEngine_Knapsack_10_7,OPTEngine,N/A,
OPTEngine_Knapsack_10_8,OPTEngine,N/A,
OPTEngine_Knapsack_10_9,OPTEngine,N/A,
OPTEngine_Knapsack_11,OPTEngine,N/A,
OPTEngine_Knapsack_11_1,OPTEngine,N/A,
OPTEngine_Knapsack_11_2,OPTEngine,N/A,
OPTEngine_Knapsack_11_3,OPTEngine,N/A,
OPTEngine_Knapsack_11_4,OPTEngine,N/A,
OPTEngine_Knapsack_11_5,OPTEngine,N/A,
OPTEngine_Knapsack_11_6,OPTEngine,N/A,
OPTEngine_Knapsack_11_7,OPTEngine,N/A,
OPTEngine_Knapsack_11_8,OPTEngine,N/A,
OPTEngine_Knapsack_11_9,OPTEngine,N/A,
OPTEngine_Knapsack_12,OPTEngine,N/A,
OPTEngine_Knapsack_12_1,OPTEngine,N/A,
OPTEngine_Knapsack_12_2,OPTEngine,N/A,
OPTEngine_Knapsack_12_3,OPTEngine,N/A,
OPTEngine_Knapsack_12_4,OPTEngine,N/A,
OPTEngine_Knapsack_12_5,OPTEngine,N/A,
OPTEngine_Knapsack_12_6,OPTEngine,N/A,
OPTEngine_Knapsack_12_7,OPTEngine,N/A,
OPTEngine_Knapsack_12_8,OPTEngine,N/A,
OPTEngine_Knapsack_12_9,OPTEngine,N/A,
OPTEngine_Knapsack_13,OPTEngine,N/A,
OPTEngine_Knapsack_13_1,OPTEngine,N/A,
OPTEngine_Knapsack_13_2,OPTEngine,N/A,
OPTEngine_Knapsack_13_3,OPTEngine,N/A,
OPTEngine_Knapsack_13_4,OPTEngine,N/A,
OPTEngine_Knapsack_13_5,OPTEngine,N/A,
OPTEngine_Knapsack_13_6,OPTEngine,N/A,
OPTEngine_Knapsack_13_7,OPTEngine,N/A,
OPTEngine_Knapsack_13_8,OPTEngine,N/A,
OPTEngine_Knapsack_13_9,OPTEngine,N/A,
OPTEngine_Knapsack_14,OPTEngine,N/A,
OPTEngine_Knapsack_14_1,OPTEngine,N/A,
OPTEngine_Knapsack_14_2,OPTEngine,N/A,
OPTEngine_Knapsack_14_3,OPTEngine,N/A,
OPTEngine_Knapsack_14_4,OPTEngine,N/A,
OPTEngine_Knapsack_14_5,OPTEngine,N/A,
OPTEngine_Knapsack_14_6,OPTEngine,N/A,
OPTEngine_Knapsack_14_7,OPTEngine,N/A,
OPTEngine_Knapsack_14_8,OPTEngine,N/A,
OPTEngine_Knapsack_14_9,OPTEngine,N/A,
OPTEngine_Knapsack_15,OPTEngine,N/A,
OPTEngine_Knapsack_15_1,OPTEngine,N/A,
OPTEngine_Knapsack_15_2,OPTEngine,N/A,
OPTEngine_Knapsack_15_3,OPTEngine,N/A,
OPTEngine_Knapsack_15_4,OPTEngine,N/A,
OPTEngine_Knapsack_15_5,OPTEngine,N/A,
OPTEngine_Knapsack_15_6,OPTEngine,N/A,
OPTEngine_Knapsack_15_7,OPTEngine,N/A,
OPTEngine_Knapsack_15_8,OPTEngine,N/A,
OPTEngine_Knapsack_15_9,OPTEngine,N/A,
OPTEngine_Knapsack_16,OPTEngine,N/A,
OPTEngine_Knapsack_16_1,OPTEngine,N/A,
OPTEngine_Knapsack_16_2,OPTEngine,N/A,
OPTEngine_Knapsack_16_3,OPTEngine,N/A,
OPTEngine_Knapsack_16_4,OPTEngine,N/A,
OPTEngine_Knapsack_16_5,OPTEngine,N/A,
OPTEngine_Knapsack_16_6,OPTEngine,N/A,
OPTEngine_Knapsack_16_7,OPTEngine,N/A,
OPTEngine_Knapsack_16_8,OPTEngine,N/A,
OPTEngine_Knapsack_17,OPTEngine,N/A,
OPTEngine_Knapsack_16_9,OPTEngine,N/A,
OPTEngine_Knapsack_17_1,OPTEngine,N/A,
OPTEngine_Knapsack_17_2,OPTEngine,N/A,
OPTEngine_Knapsack_17_3,OPTEngine,N/A,
OPTEngine_Knapsack_17_4,OPTEngine,N/A,
OPTEngine_Knapsack_17_5,OPTEngine,N/A,
OPTEngine_Knapsack_17_6,OPTEngine,N/A,
OPTEngine_Knapsack_17_7,OPTEngine,N/A,
OPTEngine_Knapsack_17_8,OPTEngine,N/A,
OPTEngine_Knapsack_17_9,OPTEngine,N/A,
OPTEngine_Knapsack_18,OPTEngine,N/A,
OPTEngine_Knapsack_18_1,OPTEngine,N/A,
OPTEngine_Knapsack_18_2,OPTEngine,N/A,
OPTEngine_Knapsack_18_3,OPTEngine,N/A,
OPTEngine_Knapsack_18_4,OPTEngine,N/A,
OPTEngine_Knapsack_18_5,OPTEngine,N/A,
OPTEngine_Knapsack_18_6,OPTEngine,N/A,
OPTEngine_Knapsack_18_7,OPTEngine,N/A,
OPTEngine_Knapsack_18_8,OPTEngine,N/A,
OPTEngine_Knapsack_18_9,OPTEngine,N/A,
OPTEngine_Knapsack_19,OPTEngine,N/A,
OPTEngine_Knapsack_19_1,OPTEngine,N/A,
OPTEngine_Knapsack_19_2,OPTEngine,N/A,
OPTEngine_Knapsack_19_3,OPTEngine,N/A,
OPTEngine_Knapsack_19_4,OPTEngine,N/A,
OPTEngine_Knapsack_19_5,OPTEngine,N/A,
OPTEngine_Knapsack_19_6,OPTEngine,N/A,
OPTEngine_Knapsack_19_7,OPTEngine,N/A,
OPTEngine_Knapsack_19_8,OPTEngine,N/A,
OPTEngine_Knapsack_20,OPTEngine,N/A,
OPTEngine_Knapsack_19_9,OPTEngine,N/A,
OPTEngine_Knapsack_20_1,OPTEngine,N/A,
OPTEngine_Knapsack_20_2,OPTEngine,N/A,
OPTEngine_Knapsack_20_3,OPTEngine,N/A,
OPTEngine_Knapsack_20_4,OPTEngine,N/A,
OPTEngine_Knapsack_20_5,OPTEngine,N/A,
OPTEngine_Knapsack_20_6,OPTEngine,N/A,
OPTEngine_Knapsack_20_7,OPTEngine,N/A,
OPTEngine_Knapsack_20_8,OPTEngine,N/A,
OPTEngine_Knapsack_20_9,OPTEngine,N/A,
OPTEngine_Knapsack_21,OPTEngine,N/A,
OPTEngine_Knapsack_21_1,OPTEngine,N/A,
OPTEngine_Knapsack_21_2,OPTEngine,N/A,
OPTEngine_Knapsack_21_3,OPTEngine,N/A,
OPTEngine_Knapsack_21_4,OPTEngine,N/A,
OPTEngine_Knapsack_21_5,OPTEngine,N/A,
OPTEngine_Knapsack_21_6,OPTEngine,N/A,
OPTEngine_Knapsack_21_7,OPTEngine,N/A,
OPTEngine_Knapsack_21_8,OPTEngine,N/A,
OPTEngine_Knapsack_21_9,OPTEngine,N/A,
OPTEngine_Knapsack_22,OPTEngine,N/A,
OPTEngine_Knapsack_22_1,OPTEngine,N/A,
OPTEngine_Knapsack_22_2,OPTEngine,N/A,
OPTEngine_Knapsack_22_3,OPTEngine,N/A,
OPTEngine_Knapsack_22_4,OPTEngine,N/A,
OPTEngine_Knapsack_22_5,OPTEngine,N/A,
OPTEngine_Knapsack_22_6,OPTEngine,N/A,
OPTEngine_Knapsack_22_7,OPTEngine,N/A,
OPTEngine_Knapsack_22_8,OPTEngine,N/A,
OPTEngine_Knapsack_22_9,OPTEngine,N/A,
OPTEngine_Knapsack_23,OPTEngine,N/A,
OPTEngine_Knapsack_23_1,OPTEngine,N/A,
OPTEngine_Knapsack_23_2,OPTEngine,N/A,
OPTEngine_Knapsack_23_3,OPTEngine,N/A,
OPTEngine_Knapsack_23_4,OPTEngine,N/A,
OPTEngine_Knapsack_23_5,OPTEngine,N/A,
OPTEngine_Knapsack_23_6,OPTEngine,N/A,
OPTEngine_Knapsack_23_7,OPTEngine,N/A,
OPTEngine_Knapsack_23_8,OPTEngine,N/A,
OPTEngine_Knapsack_24,OPTEngine,N/A,
OPTEngine_Knapsack_23_9,OPTEngine,N/A,
OPTEngine_Knapsack_24_1,OPTEngine,N/A,
OPTEngine_Knapsack_24_2,OPTEngine,N/A,
OPTEngine_Knapsack_24_3,OPTEngine,N/A,
OPTEngine_Knapsack_24_4,OPTEngine,N/A,
OPTEngine_Knapsack_24_5,OPTEngine,N/A,
OPTEngine_Knapsack_24_6,OPTEngine,N/A,
OPTEngine_Knapsack_24_7,OPTEngine,N/A,
OPTEngine_Knapsack_24_8,OPTEngine,N/A,
OPTEngine_Knapsack_24_9,OPTEngine,N/A,
OPTEngine_Knapsack_25,OPTEngine,N/A,
OPTEngine_Knapsack_25_1,OPTEngine,N/A,
OPTEngine_Knapsack_25_2,OPTEngine,N/A,
OPTEngine_Knapsack_25_3,OPTEngine,N/A,
OPTEngine_Knapsack_25_4,OPTEngine,N/A,
OPTEngine_Knapsack_25_5,OPTEngine,N/A,
OPTEngine_Knapsack_25_6,OPTEngine,N/A,
OPTEngine_Knapsack_25_7,OPTEngine,N/A,
OPTEngine_Knapsack_25_8,OPTEngine,N/A,
OPTEngine_Knapsack_25_9,OPTEngine,N/A,
OPTEngine_Knapsack_26,OPTEngine,N/A,
OPTEngine_Knapsack_26_1,OPTEngine,N/A,
OPTEngine_Knapsack_26_2,OPTEngine,N/A,
OPTEngine_Knapsack_26_3,OPTEngine,N/A,
OPTEngine_Knapsack_26_4,OPTEngine,N/A,
OPTEngine_Knapsack_26_5,OPTEngine,N/A,
OPTEngine_Knapsack_26_6,OPTEngine,N/A,
OPTEngine_Knapsack_26_7,OPTEngine,N/A,
OPTEngine_Knapsack_26_8,OPTEngine,N/A,
OPTEngine_Knapsack_26_9,OPTEngine,N/A,
OPTEngine_Knapsack_27,OPTEngine,N/A,
OPTEngine_Knapsack_27_1,OPTEngine,N/A,
OPTEngine_Knapsack_27_2,OPTEngine,N/A,
OPTEngine_Knapsack_27_3,OPTEngine,N/A,
OPTEngine_Knapsack_27_4,OPTEngine,N/A,
OPTEngine_Knapsack_27_5,OPTEngine,N/A,
OPTEngine_Knapsack_27_6,OPTEngine,N/A,
OPTEngine_Knapsack_27_7,OPTEngine,N/A,
OPTEngine_Knapsack_27_8,OPTEngine,N/A,
OPTEngine_Knapsack_27_9,OPTEngine,N/A,
OPTEngine_Knapsack_28,OPTEngine,N/A,
OPTEngine_Knapsack_28_1,OPTEngine,N/A,
OPTEngine_Knapsack_28_2,OPTEngine,N/A,
OPTEngine_Knapsack_28_3,OPTEngine,N/A,
OPTEngine_Knapsack_28_4,OPTEngine,N/A,
OPTEngine_Knapsack_28_5,OPTEngine,N/A,
OPTEngine_Knapsack_28_6,OPTEngine,N/A,
OPTEngine_Knapsack_28_7,OPTEngine,N/A,
OPTEngine_Knapsack_28_8,OPTEngine,N/A,
OPTEngine_Knapsack_28_9,OPTEngine,N/A,
OPTEngine_Knapsack_29,OPTEngine,N/A,
OPTEngine_Knapsack_29_1,OPTEngine,N/A,
OPTEngine_Knapsack_29_2,OPTEngine,N/A,
OPTEngine_Knapsack_29_3,OPTEngine,N/A,
OPTEngine_Knapsack_29_4,OPTEngine,N/A,
OPTEngine_Knapsack_29_5,OPTEngine,N/A,
OPTEngine_Knapsack_29_6,OPTEngine,N/A,
OPTEngine_Knapsack_29_7,OPTEngine,N/A,
OPTEngine_Knapsack_29_8,OPTEngine,N/A,
OPTEngine_Knapsack_29_9,OPTEngine,N/A,
OPTEngine_Knapsack_30,OPTEngine,N/A,
OPTEngine_Knapsack_30_1,OPTEngine,N/A,
OPTEngine_Knapsack_30_2,OPTEngine,N/A,
OPTEngine_Knapsack_30_3,OPTEngine,N/A,
OPTEngine_Knapsack_30_4,OPTEngine,N/A,
OPTEngine_Knapsack_30_5,OPTEngine,N/A,
OPTEngine_Knapsack_30_6,OPTEngine,N/A,
OPTEngine_Knapsack_30_7,OPTEngine,N/A,
OPTEngine_Knapsack_30_8,OPTEngine,N/A,
OPTEngine_Knapsack_30_9,OPTEngine,N/A,
OPTEngine_NetworkFlow_5,OPTEngine,N/A,
OPTEngine_NetworkFlow_5_1,OPTEngine,N/A,
OPTEngine_NetworkFlow_5_2,OPTEngine,N/A,
OPTEngine_NetworkFlow_5_3,OPTEngine,N/A,
OPTEngine_NetworkFlow_5_4,OPTEngine,N/A,
OPTEngine_NetworkFlow_5_5,OPTEngine,N/A,
OPTEngine_NetworkFlow_5_6,OPTEngine,N/A,
OPTEngine_NetworkFlow_5_7,OPTEngine,N/A,
OPTEngine_NetworkFlow_5_8,OPTEngine,N/A,
OPTEngine_NetworkFlow_5_9,OPTEngine,N/A,
OPTEngine_NetworkFlow_6,OPTEngine,N/A,
OPTEngine_NetworkFlow_6_1,OPTEngine,N/A,
OPTEngine_NetworkFlow_6_2,OPTEngine,N/A,
OPTEngine_NetworkFlow_6_3,OPTEngine,N/A,
OPTEngine_NetworkFlow_6_4,OPTEngine,N/A,
OPTEngine_NetworkFlow_6_5,OPTEngine,N/A,
OPTEngine_NetworkFlow_6_6,OPTEngine,N/A,
OPTEngine_NetworkFlow_6_7,OPTEngine,N/A,
OPTEngine_NetworkFlow_6_8,OPTEngine,N/A,
OPTEngine_NetworkFlow_6_9,OPTEngine,N/A,
OPTEngine_NetworkFlow_7,OPTEngine,N/A,
OPTEngine_NetworkFlow_7_1,OPTEngine,N/A,
OPTEngine_NetworkFlow_7_2,OPTEngine,N/A,
OPTEngine_NetworkFlow_7_3,OPTEngine,N/A,
OPTEngine_NetworkFlow_7_4,OPTEngine,N/A,
OPTEngine_NetworkFlow_7_5,OPTEngine,N/A,
OPTEngine_NetworkFlow_7_6,OPTEngine,N/A,
OPTEngine_NetworkFlow_7_7,OPTEngine,N/A,
OPTEngine_NetworkFlow_7_8,OPTEngine,N/A,
OPTEngine_NetworkFlow_7_9,OPTEngine,N/A,
OPTEngine_NetworkFlow_8,OPTEngine,N/A,
OPTEngine_NetworkFlow_8_1,OPTEngine,N/A,
OPTEngine_NetworkFlow_8_2,OPTEngine,N/A,
OPTEngine_NetworkFlow_8_3,OPTEngine,N/A,
OPTEngine_NetworkFlow_8_4,OPTEngine,N/A,
OPTEngine_NetworkFlow_8_5,OPTEngine,N/A,
OPTEngine_NetworkFlow_8_6,OPTEngine,N/A,
OPTEngine_NetworkFlow_8_7,OPTEngine,N/A,
OPTEngine_NetworkFlow_8_8,OPTEngine,N/A,
OPTEngine_NetworkFlow_8_9,OPTEngine,N/A,
OPTEngine_NetworkFlow_9,OPTEngine,N/A,
OPTEngine_NetworkFlow_9_1,OPTEngine,N/A,
OPTEngine_NetworkFlow_9_2,OPTEngine,N/A,
OPTEngine_NetworkFlow_9_3,OPTEngine,N/A,
OPTEngine_NetworkFlow_9_4,OPTEngine,N/A,
OPTEngine_NetworkFlow_9_5,OPTEngine,N/A,
OPTEngine_NetworkFlow_9_6,OPTEngine,N/A,
OPTEngine_NetworkFlow_9_7,OPTEngine,N/A,
OPTEngine_NetworkFlow_9_8,OPTEngine,N/A,
OPTEngine_NetworkFlow_9_9,OPTEngine,N/A,
OPTEngine_Portfolio_5,OPTEngine,N/A,
OPTEngine_Portfolio_5_1,OPTEngine,N/A,
OPTEngine_Portfolio_5_2,OPTEngine,N/A,
OPTEngine_Portfolio_5_3,OPTEngine,N/A,
OPTEngine_Portfolio_5_4,OPTEngine,N/A,
OPTEngine_Portfolio_5_5,OPTEngine,N/A,
OPTEngine_Portfolio_5_6,OPTEngine,N/A,
OPTEngine_Portfolio_6,OPTEngine,N/A,
OPTEngine_Portfolio_6_1,OPTEngine,N/A,
OPTEngine_Portfolio_5_7,OPTEngine,N/A,
OPTEngine_Portfolio_5_8,OPTEngine,N/A,
OPTEngine_Portfolio_6_2,OPTEngine,N/A,
OPTEngine_Portfolio_6_3,OPTEngine,N/A,
OPTEngine_Portfolio_6_4,OPTEngine,N/A,
OPTEngine_Portfolio_6_5,OPTEngine,N/A,
OPTEngine_Portfolio_5_9,OPTEngine,N/A,
OPTEngine_Portfolio_6_6,OPTEngine,N/A,
OPTEngine_Portfolio_6_7,OPTEngine,N/A,
OPTEngine_Portfolio_6_8,OPTEngine,N/A,
OPTEngine_Portfolio_6_9,OPTEngine,N/A,
OPTEngine_Portfolio_7,OPTEngine,N/A,
OPTEngine_Portfolio_7_1,OPTEngine,N/A,
OPTEngine_Portfolio_7_2,OPTEngine,N/A,
OPTEngine_Portfolio_7_3,OPTEngine,N/A,
OPTEngine_Portfolio_7_4,OPTEngine,N/A,
OPTEngine_Portfolio_7_5,OPTEngine,N/A,
OPTEngine_Portfolio_7_6,OPTEngine,N/A,
OPTEngine_Portfolio_7_7,OPTEngine,N/A,
OPTEngine_Portfolio_7_8,OPTEngine,N/A,
OPTEngine_Portfolio_7_9,OPTEngine,N/A,
OPTEngine_Portfolio_8,OPTEngine,N/A,
OPTEngine_Portfolio_8_1,OPTEngine,N/A,
OPTEngine_Portfolio_8_2,OPTEngine,N/A,
OPTEngine_Portfolio_8_3,OPTEngine,N/A,
OPTEngine_Portfolio_8_4,OPTEngine,N/A,
OPTEngine_Portfolio_8_5,OPTEngine,N/A,
OPTEngine_Portfolio_8_6,OPTEngine,N/A,
OPTEngine_Portfolio_8_7,OPTEngine,N/A,
OPTEngine_Portfolio_8_8,OPTEngine,N/A,
OPTEngine_Portfolio_9,OPTEngine,N/A,
OPTEngine_Portfolio_8_9,OPTEngine,N/A,
OPTEngine_Portfolio_9_1,OPTEngine,N/A,
OPTEngine_Portfolio_9_2,OPTEngine,N/A,
OPTEngine_Portfolio_9_3,OPTEngine,N/A,
OPTEngine_Portfolio_9_4,OPTEngine,N/A,
OPTEngine_Portfolio_9_5,OPTEngine,N/A,
OPTEngine_Portfolio_9_6,OPTEngine,N/A,
OPTEngine_Portfolio_9_7,OPTEngine,N/A,
OPTEngine_Portfolio_9_8,OPTEngine,N/A,
OPTEngine_Portfolio_9_9,OPTEngine,N/A,
OPTEngine_Portfolio_10,OPTEngine,N/A,
OPTEngine_Portfolio_10_1,OPTEngine,N/A,
OPTEngine_Portfolio_10_2,OPTEngine,N/A,
OPTEngine_Portfolio_10_3,OPTEngine,N/A,
OPTEngine_Portfolio_10_4,OPTEngine,N/A,
OPTEngine_Portfolio_10_5,OPTEngine,N/A,
OPTEngine_Portfolio_10_6,OPTEngine,N/A,
OPTEngine_Portfolio_10_7,OPTEngine,N/A,
OPTEngine_Portfolio_10_8,OPTEngine,N/A,
OPTEngine_Portfolio_10_9,OPTEngine,N/A,
OPTEngine_Portfolio_11,OPTEngine,N/A,
OPTEngine_Portfolio_11_1,OPTEngine,N/A,
OPTEngine_Portfolio_11_2,OPTEngine,N/A,
OPTEngine_Portfolio_11_3,OPTEngine,N/A,
OPTEngine_Portfolio_11_4,OPTEngine,N/A,
OPTEngine_Portfolio_11_5,OPTEngine,N/A,
OPTEngine_Portfolio_11_6,OPTEngine,N/A,
OPTEngine_Portfolio_11_7,OPTEngine,N/A,
OPTEngine_Portfolio_11_8,OPTEngine,N/A,
OPTEngine_Portfolio_11_9,OPTEngine,N/A,
OPTEngine_Portfolio_12,OPTEngine,N/A,
OPTEngine_Portfolio_12_1,OPTEngine,N/A,
OPTEngine_Portfolio_12_2,OPTEngine,N/A,
OPTEngine_Portfolio_12_3,OPTEngine,N/A,
OPTEngine_Portfolio_12_4,OPTEngine,N/A,
OPTEngine_Portfolio_12_5,OPTEngine,N/A,
OPTEngine_Portfolio_12_6,OPTEngine,N/A,
OPTEngine_Portfolio_12_7,OPTEngine,N/A,
OPTEngine_Portfolio_12_8,OPTEngine,N/A,
OPTEngine_Portfolio_12_9,OPTEngine,N/A,
OPTEngine_Portfolio_13,OPTEngine,N/A,
OPTEngine_Portfolio_13_1,OPTEngine,N/A,
OPTEngine_Portfolio_13_2,OPTEngine,N/A,
OPTEngine_Portfolio_13_3,OPTEngine,N/A,
OPTEngine_Portfolio_13_4,OPTEngine,N/A,
OPTEngine_Portfolio_13_5,OPTEngine,N/A,
OPTEngine_Portfolio_13_6,OPTEngine,N/A,
OPTEngine_Portfolio_13_7,OPTEngine,N/A,
OPTEngine_Portfolio_13_8,OPTEngine,N/A,
OPTEngine_Portfolio_13_9,OPTEngine,N/A,
OPTEngine_Portfolio_14,OPTEngine,N/A,
OPTEngine_Portfolio_14_1,OPTEngine,N/A,
OPTEngine_Portfolio_14_2,OPTEngine,N/A,
OPTEngine_Portfolio_14_3,OPTEngine,N/A,
OPTEngine_Portfolio_14_4,OPTEngine,N/A,
OPTEngine_Portfolio_14_5,OPTEngine,N/A,
OPTEngine_Portfolio_14_6,OPTEngine,N/A,
OPTEngine_Portfolio_14_7,OPTEngine,N/A,
OPTEngine_Portfolio_14_8,OPTEngine,N/A,
OPTEngine_Portfolio_15,OPTEngine,N/A,
OPTEngine_Portfolio_15_1,OPTEngine,N/A,
OPTEngine_Portfolio_14_9,OPTEngine,N/A,
OPTEngine_Portfolio_15_2,OPTEngine,N/A,
OPTEngine_Portfolio_15_3,OPTEngine,N/A,
OPTEngine_Portfolio_15_4,OPTEngine,N/A,
OPTEngine_Portfolio_15_5,OPTEngine,N/A,
OPTEngine_Portfolio_15_6,OPTEngine,N/A,
OPTEngine_Portfolio_15_7,OPTEngine,N/A,
OPTEngine_Portfolio_15_8,OPTEngine,N/A,
OPTEngine_Portfolio_15_9,OPTEngine,N/A,
OPTEngine_Portfolio_16,OPTEngine,N/A,
OPTEngine_Portfolio_16_1,OPTEngine,N/A,
OPTEngine_Portfolio_16_2,OPTEngine,N/A,
OPTEngine_Portfolio_16_3,OPTEngine,N/A,
OPTEngine_Portfolio_16_4,OPTEngine,N/A,
OPTEngine_Portfolio_16_5,OPTEngine,N/A,
OPTEngine_Portfolio_16_6,OPTEngine,N/A,
OPTEngine_Portfolio_16_7,OPTEngine,N/A,
OPTEngine_Portfolio_16_8,OPTEngine,N/A,
OPTEngine_Portfolio_16_9,OPTEngine,N/A,
OPTEngine_Portfolio_17,OPTEngine,N/A,
OPTEngine_Portfolio_17_1,OPTEngine,N/A,
OPTEngine_Portfolio_17_2,OPTEngine,N/A,
OPTEngine_Portfolio_17_3,OPTEngine,N/A,
OPTEngine_Portfolio_17_4,OPTEngine,N/A,
OPTEngine_Portfolio_17_5,OPTEngine,N/A,
OPTEngine_Portfolio_17_6,OPTEngine,N/A,
OPTEngine_Portfolio_17_7,OPTEngine,N/A,
OPTEngine_Portfolio_17_8,OPTEngine,N/A,
OPTEngine_Portfolio_17_9,OPTEngine,N/A,
OPTEngine_Portfolio_18,OPTEngine,N/A,
OPTEngine_Portfolio_18_1,OPTEngine,N/A,
OPTEngine_Portfolio_18_2,OPTEngine,N/A,
OPTEngine_Portfolio_18_3,OPTEngine,N/A,
OPTEngine_Portfolio_18_4,OPTEngine,N/A,
OPTEngine_Portfolio_18_5,OPTEngine,N/A,
OPTEngine_Portfolio_18_6,OPTEngine,N/A,
OPTEngine_Portfolio_18_7,OPTEngine,N/A,
OPTEngine_Portfolio_19,OPTEngine,N/A,
OPTEngine_Portfolio_18_8,OPTEngine,N/A,
OPTEngine_Portfolio_19_1,OPTEngine,N/A,
OPTEngine_Portfolio_18_9,OPTEngine,N/A,
OPTEngine_Portfolio_19_2,OPTEngine,N/A,
OPTEngine_Portfolio_19_3,OPTEngine,N/A,
OPTEngine_Portfolio_19_4,OPTEngine,N/A,
OPTEngine_Portfolio_19_5,OPTEngine,N/A,
OPTEngine_Portfolio_19_6,OPTEngine,N/A,
OPTEngine_Portfolio_19_7,OPTEngine,N/A,
OPTEngine_Portfolio_19_8,OPTEngine,N/A,
OPTEngine_Portfolio_19_9,OPTEngine,N/A,
OPTEngine_Portfolio_20,OPTEngine,N/A,
OPTEngine_Portfolio_20_1,OPTEngine,N/A,
OPTEngine_Portfolio_20_2,OPTEngine,N/A,
OPTEngine_Portfolio_20_3,OPTEngine,N/A,
OPTEngine_Portfolio_20_4,OPTEngine,N/A,
OPTEngine_Portfolio_20_5,OPTEngine,N/A,
OPTEngine_Portfolio_20_6,OPTEngine,N/A,
OPTEngine_Portfolio_20_7,OPTEngine,N/A,
OPTEngine_Portfolio_20_8,OPTEngine,N/A,
OPTEngine_Portfolio_20_9,OPTEngine,N/A,
OPTEngine_TSP_4,OPTEngine,N/A,
OPTEngine_TSP_4_1,OPTEngine,N/A,
OPTEngine_TSP_4_2,OPTEngine,N/A,
OPTEngine_TSP_4_3,OPTEngine,N/A,
OPTEngine_TSP_4_4,OPTEngine,N/A,
OPTEngine_TSP_4_5,OPTEngine,N/A,
OPTEngine_TSP_4_6,OPTEngine,N/A,
OPTEngine_TSP_4_7,OPTEngine,N/A,
OPTEngine_TSP_4_8,OPTEngine,N/A,
OPTEngine_TSP_4_9,OPTEngine,N/A,
OPTEngine_TSP_5,OPTEngine,N/A,
OPTEngine_TSP_5_1,OPTEngine,N/A,
OPTEngine_TSP_5_2,OPTEngine,N/A,
OPTEngine_TSP_5_3,OPTEngine,N/A,
OPTEngine_TSP_5_4,OPTEngine,N/A,
OPTEngine_TSP_5_5,OPTEngine,N/A,
OPTEngine_TSP_5_6,OPTEngine,N/A,
OPTEngine_TSP_5_7,OPTEngine,N/A,
OPTEngine_TSP_5_8,OPTEngine,N/A,
OPTEngine_TSP_5_9,OPTEngine,N/A,
OPTEngine_TSP_6,OPTEngine,N/A,
OPTEngine_TSP_6_1,OPTEngine,N/A,
OPTEngine_TSP_6_2,OPTEngine,N/A,
OPTEngine_TSP_6_3,OPTEngine,N/A,
OPTEngine_TSP_6_4,OPTEngine,N/A,
OPTEngine_TSP_6_5,OPTEngine,N/A,
OPTEngine_TSP_6_6,OPTEngine,N/A,
OPTEngine_TSP_6_7,OPTEngine,N/A,
OPTEngine_TSP_6_8,OPTEngine,N/A,
OPTEngine_TSP_6_9,OPTEngine,N/A,
OPTEngine_TSP_7,OPTEngine,N/A,
OPTEngine_TSP_7_1,OPTEngine,N/A,
OPTEngine_TSP_7_2,OPTEngine,N/A,
OPTEngine_TSP_7_3,OPTEngine,N/A,
OPTEngine_TSP_7_4,OPTEngine,N/A,
OPTEngine_TSP_7_5,OPTEngine,N/A,
OPTEngine_TSP_7_6,OPTEngine,N/A,
OPTEngine_TSP_7_7,OPTEngine,N/A,
OPTEngine_TSP_7_8,OPTEngine,N/A,
OPTEngine_TSP_7_9,OPTEngine,N/A,
OPTEngine_TSP_8,OPTEngine,N/A,
OPTEngine_TSP_8_1,OPTEngine,N/A,
OPTEngine_TSP_8_2,OPTEngine,N/A,
OPTEngine_TSP_8_3,OPTEngine,N/A,
OPTEngine_TSP_8_4,OPTEngine,N/A,
OPTEngine_TSP_8_5,OPTEngine,N/A,
OPTEngine_TSP_8_6,OPTEngine,N/A,
OPTEngine_TSP_8_7,OPTEngine,N/A,
OPTEngine_TSP_9,OPTEngine,N/A,
OPTEngine_TSP_9_1,OPTEngine,N/A,
OPTEngine_TSP_9_2,OPTEngine,N/A,
OPTEngine_TSP_9_3,OPTEngine,N/A,
OPTEngine_TSP_9_4,OPTEngine,N/A,
OPTEngine_TSP_9_5,OPTEngine,N/A,
OPTEngine_TSP_9_6,OPTEngine,N/A,
OPTEngine_TSP_9_7,OPTEngine,N/A,
OPTEngine_TSP_9_8,OPTEngine,N/A,
OPTEngine_TSP_9_9,OPTEngine,N/A,
OPTEngine_TSP_10,OPTEngine,N/A,
OPTEngine_TSP_10_1,OPTEngine,N/A,
OPTEngine_TSP_10_2,OPTEngine,N/A,
OPTEngine_TSP_10_3,OPTEngine,N/A,
OPTEngine_TSP_10_4,OPTEngine,N/A,
OPTEngine_TSP_10_5,OPTEngine,N/A,
OPTEngine_TSP_10_6,OPTEngine,N/A,
OPTEngine_TSP_10_7,OPTEngine,N/A,
OPTEngine_TSP_10_8,OPTEngine,N/A,
OPTEngine_TSP_10_9,OPTEngine,N/A,
OPTEngine_TSP_11,OPTEngine,N/A,
OPTEngine_TSP_11_1,OPTEngine,N/A,
OPTEngine_TSP_11_2,OPTEngine,N/A,
OPTEngine_TSP_11_3,OPTEngine,N/A,
OPTEngine_TSP_11_4,OPTEngine,N/A,
OPTEngine_TSP_11_5,OPTEngine,N/A,
OPTEngine_TSP_11_6,OPTEngine,N/A,
OPTEngine_TSP_11_7,OPTEngine,N/A,
OPTEngine_TSP_11_8,OPTEngine,N/A,
OPTEngine_TSP_11_9,OPTEngine,N/A,
OPTEngine_TSP_12,OPTEngine,N/A,
OPTEngine_TSP_12_1,OPTEngine,N/A,
OPTEngine_TSP_12_2,OPTEngine,N/A,
OPTEngine_TSP_12_3,OPTEngine,N/A,
OPTEngine_TSP_12_4,OPTEngine,N/A,
OPTEngine_TSP_12_5,OPTEngine,N/A,
OPTEngine_TSP_12_6,OPTEngine,N/A,
OPTEngine_TSP_12_7,OPTEngine,N/A,
OPTEngine_TSP_12_8,OPTEngine,N/A,
OPTEngine_TSP_12_9,OPTEngine,N/A,
OPTEngine_TSP_13,OPTEngine,N/A,
OPTEngine_TSP_13_1,OPTEngine,N/A,
OPTEngine_TSP_13_2,OPTEngine,N/A,
OPTEngine_TSP_13_3,OPTEngine,N/A,
OPTEngine_TSP_13_4,OPTEngine,N/A,
OPTEngine_TSP_13_5,OPTEngine,N/A,
OPTEngine_TSP_13_6,OPTEngine,N/A,
OPTEngine_TSP_13_7,OPTEngine,N/A,
OPTEngine_TSP_13_8,OPTEngine,N/A,
OPTEngine_TSP_13_9,OPTEngine,N/A,
OPTEngine_TSP_14,OPTEngine,N/A,
OPTEngine_TSP_14_1,OPTEngine,N/A,
OPTEngine_TSP_14_2,OPTEngine,N/A,
OPTEngine_TSP_14_3,OPTEngine,N/A,
OPTEngine_TSP_14_4,OPTEngine,N/A,
OPTEngine_TSP_14_5,OPTEngine,N/A,
OPTEngine_TSP_14_6,OPTEngine,N/A,
OPTEngine_TSP_14_7,OPTEngine,N/A,
OPTEngine_TSP_15,OPTEngine,N/A,
OPTEngine_TSP_14_8,OPTEngine,N/A,
OPTEngine_TSP_14_9,OPTEngine,N/A,
OPTEngine_TSP_15_1,OPTEngine,N/A,
OPTEngine_TSP_15_2,OPTEngine,N/A,
OPTEngine_TSP_15_3,OPTEngine,N/A,
OPTEngine_TSP_15_4,OPTEngine,N/A,
OPTEngine_TSP_15_5,OPTEngine,N/A,
OPTEngine_TSP_15_6,OPTEngine,N/A,
OPTEngine_TSP_15_7,OPTEngine,N/A,
OPTEngine_TSP_15_8,OPTEngine,N/A,
OPTEngine_TSP_15_9,OPTEngine,N/A,
OPTEngine_TSP_16,OPTEngine,N/A,
OPTEngine_TSP_16_1,OPTEngine,N/A,
OPTEngine_TSP_16_2,OPTEngine,N/A,
OPTEngine_TSP_16_3,OPTEngine,N/A,
OPTEngine_TSP_16_4,OPTEngine,N/A,
OPTEngine_TSP_16_5,OPTEngine,N/A,
OPTEngine_TSP_16_6,OPTEngine,N/A,
OPTEngine_TSP_16_7,OPTEngine,N/A,
OPTEngine_TSP_16_8,OPTEngine,N/A,
OPTEngine_TSP_16_9,OPTEngine,N/A,
OPTEngine_TSP_17,OPTEngine,N/A,
OPTEngine_TSP_17_1,OPTEngine,N/A,
OPTEngine_TSP_17_2,OPTEngine,N/A,
OPTEngine_TSP_17_3,OPTEngine,N/A,
OPTEngine_TSP_17_4,OPTEngine,N/A,
OPTEngine_TSP_17_5,OPTEngine,N/A,
OPTEngine_TSP_17_6,OPTEngine,N/A,
OPTEngine_TSP_18,OPTEngine,N/A,
OPTEngine_TSP_17_7,OPTEngine,N/A,
OPTEngine_TSP_18_1,OPTEngine,N/A,
OPTEngine_TSP_17_8,OPTEngine,N/A,
OPTEngine_TSP_18_2,OPTEngine,N/A,
OPTEngine_TSP_17_9,OPTEngine,N/A,
OPTEngine_TSP_18_3,OPTEngine,N/A,
OPTEngine_TSP_18_4,OPTEngine,N/A,
OPTEngine_TSP_18_5,OPTEngine,N/A,
OPTEngine_TSP_18_6,OPTEngine,N/A,
OPTEngine_TSP_18_7,OPTEngine,N/A,
OPTEngine_TSP_18_8,OPTEngine,N/A,
OPTEngine_TSP_18_9,OPTEngine,N/A,
OPTEngine_TSP_19,OPTEngine,N/A,
OPTEngine_TSP_19_1,OPTEngine,N/A,
OPTEngine_TSP_19_2,OPTEngine,N/A,
OPTEngine_TSP_19_3,OPTEngine,N/A,
OPTEngine_TSP_19_4,OPTEngine,N/A,
OPTEngine_TSP_19_5,OPTEngine,N/A,
OPTEngine_TSP_19_6,OPTEngine,N/A,
OPTEngine_TSP_19_7,OPTEngine,N/A,
OPTEngine_TSP_19_8,OPTEngine,N/A,
OPTEngine_TSP_19_9,OPTEngine,N/A,
OPTEngine_TSP_8_8,OPTEngine,N/A,
OPTEngine_TSP_8_9,OPTEngine,N/A,
OPTEngine_Pollution_3,OPTEngine,N/A,
OPTEngine_Pollution_3_1,OPTEngine,N/A,
OPTEngine_Pollution_3_2,OPTEngine,N/A,
OPTEngine_Pollution_3_3,OPTEngine,N/A,
OPTEngine_Pollution_3_4,OPTEngine,N/A,
OPTEngine_Pollution_3_5,OPTEngine,N/A,
OPTEngine_Pollution_3_6,OPTEngine,N/A,
OPTEngine_Pollution_3_7,OPTEngine,N/A,
OPTEngine_Pollution_3_8,OPTEngine,N/A,
OPTEngine_Pollution_3_9,OPTEngine,N/A,
OPTEngine_Pollution_4,OPTEngine,N/A,
OPTEngine_Pollution_4_1,OPTEngine,N/A,
OPTEngine_Pollution_4_2,OPTEngine,N/A,
OPTEngine_Pollution_4_3,OPTEngine,N/A,
OPTEngine_Pollution_4_4,OPTEngine,N/A,
OPTEngine_Pollution_4_5,OPTEngine,N/A,
OPTEngine_Pollution_4_6,OPTEngine,N/A,
OPTEngine_Pollution_4_7,OPTEngine,N/A,
OPTEngine_Pollution_4_8,OPTEngine,N/A,
OPTEngine_Pollution_4_9,OPTEngine,N/A,
OPTEngine_Pollution_5,OPTEngine,N/A,
OPTEngine_Pollution_5_1,OPTEngine,N/A,
OPTEngine_Pollution_5_2,OPTEngine,N/A,
OPTEngine_Pollution_5_3,OPTEngine,N/A,
OPTEngine_Pollution_5_4,OPTEngine,N/A,
OPTEngine_Pollution_5_5,OPTEngine,N/A,
OPTEngine_Pollution_5_6,OPTEngine,N/A,
OPTEngine_Pollution_5_7,OPTEngine,N/A,
OPTEngine_Pollution_5_8,OPTEngine,N/A,
OPTEngine_Pollution_5_9,OPTEngine,N/A,
OPTEngine_Pollution_6,OPTEngine,N/A,
OPTEngine_Pollution_6_1,OPTEngine,N/A,
OPTEngine_Pollution_6_2,OPTEngine,N/A,
OPTEngine_Pollution_6_3,OPTEngine,N/A,
OPTEngine_Pollution_6_4,OPTEngine,N/A,
OPTEngine_Pollution_6_5,OPTEngine,N/A,
OPTEngine_Pollution_6_6,OPTEngine,N/A,
OPTEngine_Pollution_6_7,OPTEngine,N/A,
OPTEngine_Pollution_6_8,OPTEngine,N/A,
OPTEngine_Pollution_6_9,OPTEngine,N/A,
OPTEngine_Pollution_7,OPTEngine,N/A,
OPTEngine_Pollution_7_1,OPTEngine,N/A,
OPTEngine_Pollution_7_2,OPTEngine,N/A,
OPTEngine_Pollution_7_3,OPTEngine,N/A,
OPTEngine_Pollution_7_4,OPTEngine,N/A,
OPTEngine_Pollution_7_5,OPTEngine,N/A,
OPTEngine_Pollution_7_6,OPTEngine,N/A,
OPTEngine_Pollution_7_7,OPTEngine,N/A,
OPTEngine_Pollution_7_8,OPTEngine,N/A,
OPTEngine_Pollution_7_9,OPTEngine,N/A,
OPTEngine_Pollution_8,OPTEngine,N/A,
OPTEngine_Pollution_8_1,OPTEngine,N/A,
OPTEngine_Pollution_8_2,OPTEngine,N/A,
OPTEngine_Pollution_8_3,OPTEngine,N/A,
OPTEngine_Pollution_8_4,OPTEngine,N/A,
OPTEngine_Pollution_8_5,OPTEngine,N/A,
OPTEngine_Pollution_8_6,OPTEngine,N/A,
OPTEngine_Pollution_8_7,OPTEngine,N/A,
OPTEngine_Pollution_8_8,OPTEngine,N/A,
OPTEngine_Pollution_8_9,OPTEngine,N/A,
OPTEngine_Pollution_9,OPTEngine,N/A,
OPTEngine_Pollution_9_1,OPTEngine,N/A,
OPTEngine_Pollution_9_2,OPTEngine,N/A,
OPTEngine_Pollution_9_3,OPTEngine,N/A,
OPTEngine_Pollution_9_4,OPTEngine,N/A,
OPTEngine_Pollution_9_5,OPTEngine,N/A,
OPTEngine_Pollution_9_6,OPTEngine,N/A,
OPTEngine_Pollution_9_7,OPTEngine,N/A,
OPTEngine_Pollution_9_8,OPTEngine,N/A,
OPTEngine_Pollution_9_9,OPTEngine,N/A,
OPTEngine_Pollution_10,OPTEngine,N/A,
OPTEngine_Pollution_10_1,OPTEngine,N/A,
OPTEngine_Pollution_10_2,OPTEngine,N/A,
OPTEngine_Pollution_10_3,OPTEngine,N/A,
OPTEngine_Pollution_10_4,OPTEngine,N/A,
OPTEngine_Pollution_10_5,OPTEngine,N/A,
OPTEngine_Pollution_10_6,OPTEngine,N/A,
OPTEngine_Pollution_10_7,OPTEngine,N/A,
OPTEngine_Pollution_10_8,OPTEngine,N/A,
OPTEngine_Pollution_10_9,OPTEngine,N/A,
OPTEngine_Production_3,OPTEngine,N/A,
OPTEngine_Production_3_1,OPTEngine,N/A,
OPTEngine_Production_3_2,OPTEngine,N/A,
OPTEngine_Production_3_3,OPTEngine,N/A,
OPTEngine_Production_3_4,OPTEngine,N/A,
OPTEngine_Production_3_5,OPTEngine,N/A,
OPTEngine_Production_3_6,OPTEngine,N/A,
OPTEngine_Production_3_7,OPTEngine,N/A,
OPTEngine_Production_3_8,OPTEngine,N/A,
OPTEngine_Production_3_9,OPTEngine,N/A,
OPTEngine_Production_4,OPTEngine,N/A,
OPTEngine_Production_4_1,OPTEngine,N/A,
OPTEngine_Production_4_2,OPTEngine,N/A,
OPTEngine_Production_4_3,OPTEngine,N/A,
OPTEngine_Production_4_4,OPTEngine,N/A,
OPTEngine_Production_4_5,OPTEngine,N/A,
OPTEngine_Production_4_6,OPTEngine,N/A,
OPTEngine_Production_4_7,OPTEngine,N/A,
OPTEngine_Production_4_8,OPTEngine,N/A,
OPTEngine_Production_4_9,OPTEngine,N/A,
OPTEngine_Production_5,OPTEngine,N/A,
OPTEngine_Production_5_1,OPTEngine,N/A,
OPTEngine_Production_5_2,OPTEngine,N/A,
OPTEngine_Production_5_3,OPTEngine,N/A,
OPTEngine_Production_5_4,OPTEngine,N/A,
OPTEngine_Production_5_5,OPTEngine,N/A,
OPTEngine_Production_5_6,OPTEngine,N/A,
OPTEngine_Production_5_7,OPTEngine,N/A,
OPTEngine_Production_5_8,OPTEngine,N/A,
OPTEngine_Production_5_9,OPTEngine,N/A,
OPTEngine_Production_6,OPTEngine,N/A,
OPTEngine_Production_6_1,OPTEngine,N/A,
OPTEngine_Production_6_2,OPTEngine,N/A,
OPTEngine_Production_6_3,OPTEngine,N/A,
OPTEngine_Production_6_4,OPTEngine,N/A,
OPTEngine_Production_6_5,OPTEngine,N/A,
OPTEngine_Production_6_6,OPTEngine,N/A,
OPTEngine_Production_6_7,OPTEngine,N/A,
OPTEngine_Production_6_8,OPTEngine,N/A,
OPTEngine_Production_6_9,OPTEngine,N/A,
OPTEngine_Production_7,OPTEngine,N/A,
OPTEngine_Production_7_1,OPTEngine,N/A,
OPTEngine_Production_7_2,OPTEngine,N/A,
OPTEngine_Production_7_3,OPTEngine,N/A,
OPTEngine_Production_7_4,OPTEngine,N/A,
OPTEngine_Production_7_5,OPTEngine,N/A,
OPTEngine_Production_7_6,OPTEngine,N/A,
OPTEngine_Production_7_7,OPTEngine,N/A,
OPTEngine_Production_7_8,OPTEngine,N/A,
OPTEngine_Production_7_9,OPTEngine,N/A,
OPTEngine_Production_8,OPTEngine,N/A,
OPTEngine_Production_8_1,OPTEngine,N/A,
OPTEngine_Production_8_2,OPTEngine,N/A,
OPTEngine_Production_8_3,OPTEngine,N/A,
OPTEngine_Production_8_4,OPTEngine,N/A,
OPTEngine_Production_8_5,OPTEngine,N/A,
OPTEngine_Production_8_6,OPTEngine,N/A,
OPTEngine_Production_8_7,OPTEngine,N/A,
OPTEngine_Production_8_8,OPTEngine,N/A,
OPTEngine_Production_8_9,OPTEngine,N/A,
OPTEngine_Production_9,OPTEngine,N/A,
OPTEngine_Production_9_1,OPTEngine,N/A,
OPTEngine_Production_9_2,OPTEngine,N/A,
OPTEngine_Production_9_3,OPTEngine,N/A,
OPTEngine_Production_9_4,OPTEngine,N/A,
OPTEngine_Production_9_5,OPTEngine,N/A,
OPTEngine_Production_9_6,OPTEngine,N/A,
OPTEngine_Production_9_7,OPTEngine,N/A,
OPTEngine_Production_9_8,OPTEngine,N/A,
OPTEngine_Production_10,OPTEngine,N/A,
OPTEngine_Production_9_9,OPTEngine,N/A,
OPTEngine_Production_10_1,OPTEngine,N/A,
OPTEngine_Production_10_2,OPTEngine,N/A,
OPTEngine_Production_10_3,OPTEngine,N/A,
OPTEngine_Production_10_4,OPTEngine,N/A,
OPTEngine_Production_10_5,OPTEngine,N/A,
OPTEngine_Production_10_6,OPTEngine,N/A,
OPTEngine_Production_10_7,OPTEngine,N/A,
OPTEngine_Production_10_8,OPTEngine,N/A,
OPTEngine_Production_10_9,OPTEngine,N/A,
OPTEngine_Transportation_3,OPTEngine,N/A,
OPTEngine_Transportation_3_1,OPTEngine,N/A,
OPTEngine_Transportation_3_2,OPTEngine,N/A,
OPTEngine_Transportation_3_3,OPTEngine,N/A,
OPTEngine_Transportation_3_4,OPTEngine,N/A,
OPTEngine_Transportation_3_5,OPTEngine,N/A,
OPTEngine_Transportation_3_6,OPTEngine,N/A,
OPTEngine_Transportation_3_7,OPTEngine,N/A,
OPTEngine_Transportation_3_8,OPTEngine,N/A,
OPTEngine_Transportation_3_9,OPTEngine,N/A,
OPTEngine_Transportation_4,OPTEngine,N/A,
OPTEngine_Transportation_4_1,OPTEngine,N/A,
OPTEngine_Transportation_4_2,OPTEngine,N/A,
OPTEngine_Transportation_4_3,OPTEngine,N/A,
OPTEngine_Transportation_4_4,OPTEngine,N/A,
OPTEngine_Transportation_4_5,OPTEngine,N/A,
OPTEngine_Transportation_4_6,OPTEngine,N/A,
OPTEngine_Transportation_4_7,OPTEngine,N/A,
OPTEngine_Transportation_4_8,OPTEngine,N/A,
OPTEngine_Transportation_5,OPTEngine,N/A,
OPTEngine_Transportation_5_1,OPTEngine,N/A,
OPTEngine_Transportation_5_2,OPTEngine,N/A,
OPTEngine_Transportation_5_3,OPTEngine,N/A,
OPTEngine_Transportation_4_9,OPTEngine,N/A,
OPTEngine_Transportation_5_4,OPTEngine,N/A,
OPTEngine_Transportation_5_5,OPTEngine,N/A,
OPTEngine_Transportation_5_6,OPTEngine,N/A,
OPTEngine_Transportation_5_7,OPTEngine,N/A,
OPTEngine_Transportation_5_8,OPTEngine,N/A,
OPTEngine_Transportation_6,OPTEngine,N/A,
OPTEngine_Transportation_6_1,OPTEngine,N/A,
OPTEngine_Transportation_5_9,OPTEngine,N/A,
OPTEngine_Transportation_6_2,OPTEngine,N/A,
OPTEngine_Transportation_6_3,OPTEngine,N/A,
OPTEngine_Transportation_6_4,OPTEngine,N/A,
OPTEngine_Transportation_6_5,OPTEngine,N/A,
OPTEngine_Transportation_6_6,OPTEngine,N/A,
OPTEngine_Transportation_6_7,OPTEngine,N/A,
OPTEngine_Transportation_6_8,OPTEngine,N/A,
OPTEngine_Transportation_6_9,OPTEngine,N/A,
OPTEngine_Transportation_7,OPTEngine,N/A,
OPTEngine_Transportation_7_1,OPTEngine,N/A,
OPTEngine_Transportation_7_2,OPTEngine,N/A,
OPTEngine_Transportation_7_3,OPTEngine,N/A,
OPTEngine_Transportation_7_4,OPTEngine,N/A,
OPTEngine_Transportation_7_5,OPTEngine,N/A,
OPTEngine_Transportation_7_6,OPTEngine,N/A,
OPTEngine_Transportation_7_7,OPTEngine,N/A,
OPTEngine_Transportation_7_8,OPTEngine,N/A,
OPTEngine_Transportation_7_9,OPTEngine,N/A,
OPTEngine_Transportation_8,OPTEngine,N/A,
OPTEngine_Transportation_8_1,OPTEngine,N/A,
OPTEngine_Transportation_8_2,OPTEngine,N/A,
OPTEngine_Transportation_8_3,OPTEngine,N/A,
OPTEngine_Transportation_8_4,OPTEngine,N/A,
OPTEngine_Transportation_8_5,OPTEngine,N/A,
OPTEngine_Transportation_8_6,OPTEngine,N/A,
OPTEngine_Transportation_8_7,OPTEngine,N/A,
OPTEngine_Transportation_8_8,OPTEngine,N/A,
OPTEngine_Transportation_8_9,OPTEngine,N/A,
OPTEngine_Transportation_9,OPTEngine,N/A,
OPTEngine_Transportation_9_1,OPTEngine,N/A,
OPTEngine_Transportation_9_2,OPTEngine,N/A,
OPTEngine_Transportation_9_3,OPTEngine,N/A,
OPTEngine_Transportation_9_4,OPTEngine,N/A,
OPTEngine_Transportation_9_5,OPTEngine,N/A,
OPTEngine_Transportation_9_6,OPTEngine,N/A,
OPTEngine_Transportation_9_7,OPTEngine,N/A,
OPTEngine_Transportation_9_8,OPTEngine,N/A,
OPTEngine_Transportation_9_9,OPTEngine,N/A,
OPTEngine_Transportation_10,OPTEngine,N/A,
OPTEngine_Transportation_10_1,OPTEngine,N/A,
OPTEngine_Transportation_10_2,OPTEngine,N/A,
OPTEngine_Transportation_10_3,OPTEngine,N/A,
OPTEngine_Transportation_10_4,OPTEngine,N/A,
OPTEngine_Transportation_10_5,OPTEngine,N/A,
OPTEngine_Transportation_10_6,OPTEngine,N/A,
OPTEngine_Transportation_10_7,OPTEngine,N/A,
OPTEngine_Transportation_10_8,OPTEngine,N/A,
OPTEngine_Transportation_10_9,OPTEngine,N/A,
OPTEngine_Inventory_5_aug,OPTEngine,N/A,
OPTEngine_Inventory_6_aug,OPTEngine,N/A,
OPTEngine_Inventory_5_1_aug,OPTEngine,N/A,
OPTEngine_Inventory_5_2_aug,OPTEngine,N/A,
OPTEngine_Inventory_5_3_aug,OPTEngine,N/A,
OPTEngine_Inventory_6_1_aug,OPTEngine,N/A,
OPTEngine_Inventory_6_2_aug,OPTEngine,N/A,
OPTEngine_Inventory_6_3_aug,OPTEngine,N/A,
OPTEngine_Inventory_5_4_aug,OPTEngine,N/A,
OPTEngine_Inventory_5_5_aug,OPTEngine,N/A,
OPTEngine_Inventory_6_4_aug,OPTEngine,N/A,
OPTEngine_Inventory_5_6_aug,OPTEngine,N/A,
OPTEngine_Inventory_5_7_aug,OPTEngine,N/A,
OPTEngine_Inventory_6_5_aug,OPTEngine,N/A,
OPTEngine_Inventory_5_8_aug,OPTEngine,N/A,
OPTEngine_Inventory_5_9_aug,OPTEngine,N/A,
OPTEngine_Inventory_7_aug,OPTEngine,N/A,
OPTEngine_Inventory_6_6_aug,OPTEngine,N/A,
OPTEngine_Inventory_6_7_aug,OPTEngine,N/A,
OPTEngine_Inventory_6_8_aug,OPTEngine,N/A,
OPTEngine_Inventory_7_1_aug,OPTEngine,N/A,
OPTEngine_Inventory_7_2_aug,OPTEngine,N/A,
OPTEngine_Inventory_7_3_aug,OPTEngine,N/A,
OPTEngine_Inventory_7_4_aug,OPTEngine,N/A,
OPTEngine_Inventory_7_5_aug,OPTEngine,N/A,
OPTEngine_Inventory_6_9_aug,OPTEngine,N/A,
OPTEngine_Inventory_7_6_aug,OPTEngine,N/A,
OPTEngine_Inventory_7_7_aug,OPTEngine,N/A,
OPTEngine_Inventory_7_8_aug,OPTEngine,N/A,
OPTEngine_Inventory_8_aug,OPTEngine,N/A,
OPTEngine_Inventory_8_1_aug,OPTEngine,N/A,
OPTEngine_Inventory_7_9_aug,OPTEngine,N/A,
OPTEngine_Inventory_8_2_aug,OPTEngine,N/A,
OPTEngine_Inventory_8_3_aug,OPTEngine,N/A,
OPTEngine_Inventory_8_4_aug,OPTEngine,N/A,
OPTEngine_Inventory_8_5_aug,OPTEngine,N/A,
OPTEngine_Inventory_8_6_aug,OPTEngine,N/A,
OPTEngine_Inventory_8_7_aug,OPTEngine,N/A,
OPTEngine_Inventory_9_aug,OPTEngine,N/A,
OPTEngine_Inventory_8_8_aug,OPTEngine,N/A,
OPTEngine_Inventory_9_1_aug,OPTEngine,N/A,
OPTEngine_Inventory_8_9_aug,OPTEngine,N/A,
OPTEngine_Inventory_9_2_aug,OPTEngine,N/A,
OPTEngine_Inventory_9_3_aug,OPTEngine,N/A,
OPTEngine_Inventory_9_4_aug,OPTEngine,N/A,
OPTEngine_Inventory_9_5_aug,OPTEngine,N/A,
OPTEngine_Inventory_9_6_aug,OPTEngine,N/A,
OPTEngine_Inventory_9_7_aug,OPTEngine,N/A,
OPTEngine_Inventory_9_8_aug,OPTEngine,N/A,
OPTEngine_Inventory_9_9_aug,OPTEngine,N/A,
OPTEngine_Inventory_10_aug,OPTEngine,N/A,
OPTEngine_Inventory_10_1_aug,OPTEngine,N/A,
OPTEngine_Inventory_10_2_aug,OPTEngine,N/A,
OPTEngine_Inventory_10_3_aug,OPTEngine,N/A,
OPTEngine_Inventory_10_4_aug,OPTEngine,N/A,
OPTEngine_Inventory_10_5_aug,OPTEngine,N/A,
OPTEngine_Inventory_10_6_aug,OPTEngine,N/A,
OPTEngine_Inventory_10_7_aug,OPTEngine,N/A,
OPTEngine_Inventory_10_8_aug,OPTEngine,N/A,
OPTEngine_Inventory_11_aug,OPTEngine,N/A,
OPTEngine_Inventory_11_1_aug,OPTEngine,N/A,
OPTEngine_Inventory_11_2_aug,OPTEngine,N/A,
OPTEngine_Inventory_11_3_aug,OPTEngine,N/A,
OPTEngine_Inventory_10_9_aug,OPTEngine,N/A,
OPTEngine_Inventory_11_4_aug,OPTEngine,N/A,
OPTEngine_Inventory_11_5_aug,OPTEngine,N/A,
OPTEngine_Inventory_11_6_aug,OPTEngine,N/A,
OPTEngine_Inventory_11_7_aug,OPTEngine,N/A,
OPTEngine_Inventory_11_8_aug,OPTEngine,N/A,
OPTEngine_Inventory_11_9_aug,OPTEngine,N/A,
OPTEngine_Inventory_12_aug,OPTEngine,N/A,
OPTEngine_Inventory_12_1_aug,OPTEngine,N/A,
OPTEngine_Inventory_12_2_aug,OPTEngine,N/A,
OPTEngine_Inventory_12_3_aug,OPTEngine,N/A,
OPTEngine_Inventory_12_4_aug,OPTEngine,N/A,
OPTEngine_Inventory_12_5_aug,OPTEngine,N/A,
OPTEngine_Inventory_12_6_aug,OPTEngine,N/A,
OPTEngine_Inventory_12_7_aug,OPTEngine,N/A,
OPTEngine_Inventory_12_8_aug,OPTEngine,N/A,
OPTEngine_Inventory_12_9_aug,OPTEngine,N/A,
OPTEngine_Inventory_13_aug,OPTEngine,N/A,
OPTEngine_Inventory_13_1_aug,OPTEngine,N/A,
OPTEngine_Inventory_13_2_aug,OPTEngine,N/A,
OPTEngine_Inventory_13_3_aug,OPTEngine,N/A,
OPTEngine_Inventory_13_4_aug,OPTEngine,N/A,
OPTEngine_Inventory_13_5_aug,OPTEngine,N/A,
OPTEngine_Inventory_13_6_aug,OPTEngine,N/A,
OPTEngine_Inventory_14_aug,OPTEngine,N/A,
OPTEngine_Inventory_13_7_aug,OPTEngine,N/A,
OPTEngine_Inventory_14_1_aug,OPTEngine,N/A,
OPTEngine_Inventory_13_8_aug,OPTEngine,N/A,
OPTEngine_Inventory_13_9_aug,OPTEngine,N/A,
OPTEngine_Inventory_14_2_aug,OPTEngine,N/A,
OPTEngine_Inventory_14_3_aug,OPTEngine,N/A,
OPTEngine_Inventory_14_4_aug,OPTEngine,N/A,
OPTEngine_Inventory_14_5_aug,OPTEngine,N/A,
OPTEngine_Inventory_14_6_aug,OPTEngine,N/A,
OPTEngine_Inventory_14_7_aug,OPTEngine,N/A,
OPTEngine_Inventory_15_aug,OPTEngine,N/A,
OPTEngine_Inventory_15_1_aug,OPTEngine,N/A,
OPTEngine_Inventory_14_8_aug,OPTEngine,N/A,
OPTEngine_Inventory_14_9_aug,OPTEngine,N/A,
OPTEngine_Inventory_15_2_aug,OPTEngine,N/A,
OPTEngine_Inventory_15_3_aug,OPTEngine,N/A,
OPTEngine_Inventory_15_4_aug,OPTEngine,N/A,
OPTEngine_Inventory_15_5_aug,OPTEngine,N/A,
OPTEngine_Inventory_15_6_aug,OPTEngine,N/A,
OPTEngine_Inventory_15_7_aug,OPTEngine,N/A,
OPTEngine_Inventory_15_8_aug,OPTEngine,N/A,
OPTEngine_Inventory_15_9_aug,OPTEngine,N/A,
OPTEngine_Inventory_16_aug,OPTEngine,N/A,
OPTEngine_Inventory_16_1_aug,OPTEngine,N/A,
OPTEngine_Inventory_16_2_aug,OPTEngine,N/A,
OPTEngine_Inventory_16_3_aug,OPTEngine,N/A,
OPTEngine_Inventory_16_4_aug,OPTEngine,N/A,
OPTEngine_Inventory_16_5_aug,OPTEngine,N/A,
OPTEngine_Inventory_16_6_aug,OPTEngine,N/A,
OPTEngine_Inventory_16_7_aug,OPTEngine,N/A,
OPTEngine_Inventory_16_8_aug,OPTEngine,N/A,
OPTEngine_Inventory_16_9_aug,OPTEngine,N/A,
OPTEngine_Inventory_17_aug,OPTEngine,N/A,
OPTEngine_Inventory_17_1_aug,OPTEngine,N/A,
OPTEngine_Inventory_17_2_aug,OPTEngine,N/A,
OPTEngine_Inventory_17_3_aug,OPTEngine,N/A,
OPTEngine_Inventory_17_4_aug,OPTEngine,N/A,
OPTEngine_Inventory_17_5_aug,OPTEngine,N/A,
OPTEngine_Inventory_17_6_aug,OPTEngine,N/A,
OPTEngine_Inventory_17_7_aug,OPTEngine,N/A,
OPTEngine_Inventory_17_8_aug,OPTEngine,N/A,
OPTEngine_Inventory_17_9_aug,OPTEngine,N/A,
OPTEngine_Inventory_18_aug,OPTEngine,N/A,
OPTEngine_Inventory_18_1_aug,OPTEngine,N/A,
OPTEngine_Inventory_18_2_aug,OPTEngine,N/A,
OPTEngine_Inventory_18_3_aug,OPTEngine,N/A,
OPTEngine_Inventory_18_4_aug,OPTEngine,N/A,
OPTEngine_Inventory_19_aug,OPTEngine,N/A,
OPTEngine_Inventory_18_5_aug,OPTEngine,N/A,
OPTEngine_Inventory_18_6_aug,OPTEngine,N/A,
OPTEngine_Inventory_19_1_aug,OPTEngine,N/A,
OPTEngine_Inventory_18_7_aug,OPTEngine,N/A,
OPTEngine_Inventory_18_8_aug,OPTEngine,N/A,
OPTEngine_Inventory_18_9_aug,OPTEngine,N/A,
OPTEngine_Inventory_19_2_aug,OPTEngine,N/A,
OPTEngine_Inventory_19_3_aug,OPTEngine,N/A,
OPTEngine_Inventory_19_4_aug,OPTEngine,N/A,
OPTEngine_Inventory_19_5_aug,OPTEngine,N/A,
OPTEngine_Inventory_19_6_aug,OPTEngine,N/A,
OPTEngine_Inventory_19_7_aug,OPTEngine,N/A,
OPTEngine_Inventory_19_8_aug,OPTEngine,N/A,
OPTEngine_Inventory_20_aug,OPTEngine,N/A,
OPTEngine_Inventory_20_1_aug,OPTEngine,N/A,
OPTEngine_Inventory_19_9_aug,OPTEngine,N/A,
OPTEngine_Inventory_20_2_aug,OPTEngine,N/A,
OPTEngine_Inventory_20_3_aug,OPTEngine,N/A,
OPTEngine_Inventory_20_4_aug,OPTEngine,N/A,
OPTEngine_Inventory_20_5_aug,OPTEngine,N/A,
OPTEngine_Inventory_20_6_aug,OPTEngine,N/A,
OPTEngine_Inventory_20_7_aug,OPTEngine,N/A,
OPTEngine_Inventory_20_8_aug,OPTEngine,N/A,
OPTEngine_Inventory_20_9_aug,OPTEngine,N/A,
OPTEngine_Knapsack_10_aug,OPTEngine,N/A,
OPTEngine_Knapsack_10_1_aug,OPTEngine,N/A,
OPTEngine_Knapsack_10_2_aug,OPTEngine,N/A,
OPTEngine_Knapsack_10_3_aug,OPTEngine,N/A,
OPTEngine_Knapsack_10_4_aug,OPTEngine,N/A,
OPTEngine_Knapsack_10_5_aug,OPTEngine,N/A,
OPTEngine_Knapsack_10_6_aug,OPTEngine,N/A,
OPTEngine_Knapsack_10_7_aug,OPTEngine,N/A,
OPTEngine_Knapsack_10_8_aug,OPTEngine,N/A,
OPTEngine_Knapsack_11_aug,OPTEngine,N/A,
OPTEngine_Knapsack_11_1_aug,OPTEngine,N/A,
OPTEngine_Knapsack_10_9_aug,OPTEngine,N/A,
OPTEngine_Knapsack_11_2_aug,OPTEngine,N/A,
OPTEngine_Knapsack_11_3_aug,OPTEngine,N/A,
OPTEngine_Knapsack_11_4_aug,OPTEngine,N/A,
OPTEngine_Knapsack_11_5_aug,OPTEngine,N/A,
OPTEngine_Knapsack_11_6_aug,OPTEngine,N/A,
OPTEngine_Knapsack_11_7_aug,OPTEngine,N/A,
OPTEngine_Knapsack_11_8_aug,OPTEngine,N/A,
OPTEngine_Knapsack_11_9_aug,OPTEngine,N/A,
OPTEngine_Knapsack_12_aug,OPTEngine,N/A,
OPTEngine_Knapsack_12_1_aug,OPTEngine,N/A,
OPTEngine_Knapsack_12_2_aug,OPTEngine,N/A,
OPTEngine_Knapsack_12_3_aug,OPTEngine,N/A,
OPTEngine_Knapsack_12_4_aug,OPTEngine,N/A,
OPTEngine_Knapsack_12_5_aug,OPTEngine,N/A,
OPTEngine_Knapsack_12_6_aug,OPTEngine,N/A,
OPTEngine_Knapsack_12_7_aug,OPTEngine,N/A,
OPTEngine_Knapsack_12_8_aug,OPTEngine,N/A,
OPTEngine_Knapsack_12_9_aug,OPTEngine,N/A,
OPTEngine_Knapsack_13_aug,OPTEngine,N/A,
OPTEngine_Knapsack_13_1_aug,OPTEngine,N/A,
OPTEngine_Knapsack_13_2_aug,OPTEngine,N/A,
OPTEngine_Knapsack_13_3_aug,OPTEngine,N/A,
OPTEngine_Knapsack_13_4_aug,OPTEngine,N/A,
OPTEngine_Knapsack_13_5_aug,OPTEngine,N/A,
OPTEngine_Knapsack_13_6_aug,OPTEngine,N/A,
OPTEngine_Knapsack_13_7_aug,OPTEngine,N/A,
OPTEngine_Knapsack_13_8_aug,OPTEngine,N/A,
OPTEngine_Knapsack_13_9_aug,OPTEngine,N/A,
OPTEngine_Knapsack_14_aug,OPTEngine,N/A,
OPTEngine_Knapsack_14_1_aug,OPTEngine,N/A,
OPTEngine_Knapsack_14_2_aug,OPTEngine,N/A,
OPTEngine_Knapsack_14_3_aug,OPTEngine,N/A,
OPTEngine_Knapsack_14_4_aug,OPTEngine,N/A,
OPTEngine_Knapsack_14_5_aug,OPTEngine,N/A,
OPTEngine_Knapsack_14_6_aug,OPTEngine,N/A,
OPTEngine_Knapsack_14_7_aug,OPTEngine,N/A,
OPTEngine_Knapsack_14_8_aug,OPTEngine,N/A,
OPTEngine_Knapsack_14_9_aug,OPTEngine,N/A,
OPTEngine_Knapsack_15_aug,OPTEngine,N/A,
OPTEngine_Knapsack_15_1_aug,OPTEngine,N/A,
OPTEngine_Knapsack_15_2_aug,OPTEngine,N/A,
OPTEngine_Knapsack_15_3_aug,OPTEngine,N/A,
OPTEngine_Knapsack_15_4_aug,OPTEngine,N/A,
OPTEngine_Knapsack_15_5_aug,OPTEngine,N/A,
OPTEngine_Knapsack_15_6_aug,OPTEngine,N/A,
OPTEngine_Knapsack_15_7_aug,OPTEngine,N/A,
OPTEngine_Knapsack_15_8_aug,OPTEngine,N/A,
OPTEngine_Knapsack_15_9_aug,OPTEngine,N/A,
OPTEngine_Knapsack_16_aug,OPTEngine,N/A,
OPTEngine_Knapsack_16_1_aug,OPTEngine,N/A,
OPTEngine_Knapsack_16_2_aug,OPTEngine,N/A,
OPTEngine_Knapsack_16_3_aug,OPTEngine,N/A,
OPTEngine_Knapsack_16_4_aug,OPTEngine,N/A,
OPTEngine_Knapsack_16_5_aug,OPTEngine,N/A,
OPTEngine_Knapsack_16_6_aug,OPTEngine,N/A,
OPTEngine_Knapsack_16_7_aug,OPTEngine,N/A,
OPTEngine_Knapsack_16_8_aug,OPTEngine,N/A,
OPTEngine_Knapsack_16_9_aug,OPTEngine,N/A,
OPTEngine_Knapsack_17_aug,OPTEngine,N/A,
OPTEngine_Knapsack_17_1_aug,OPTEngine,N/A,
OPTEngine_Knapsack_17_2_aug,OPTEngine,N/A,
OPTEngine_Knapsack_17_3_aug,OPTEngine,N/A,
OPTEngine_Knapsack_17_4_aug,OPTEngine,N/A,
OPTEngine_Knapsack_17_5_aug,OPTEngine,N/A,
OPTEngine_Knapsack_17_6_aug,OPTEngine,N/A,
OPTEngine_Knapsack_17_7_aug,OPTEngine,N/A,
OPTEngine_Knapsack_17_8_aug,OPTEngine,N/A,
OPTEngine_Knapsack_17_9_aug,OPTEngine,N/A,
OPTEngine_Knapsack_18_aug,OPTEngine,N/A,
OPTEngine_Knapsack_18_1_aug,OPTEngine,N/A,
OPTEngine_Knapsack_18_2_aug,OPTEngine,N/A,
OPTEngine_Knapsack_18_3_aug,OPTEngine,N/A,
OPTEngine_Knapsack_18_4_aug,OPTEngine,N/A,
OPTEngine_Knapsack_18_5_aug,OPTEngine,N/A,
OPTEngine_Knapsack_18_6_aug,OPTEngine,N/A,
OPTEngine_Knapsack_18_7_aug,OPTEngine,N/A,
OPTEngine_Knapsack_18_8_aug,OPTEngine,N/A,
OPTEngine_Knapsack_18_9_aug,OPTEngine,N/A,
OPTEngine_Knapsack_19_aug,OPTEngine,N/A,
OPTEngine_Knapsack_19_1_aug,OPTEngine,N/A,
OPTEngine_Knapsack_19_2_aug,OPTEngine,N/A,
OPTEngine_Knapsack_19_3_aug,OPTEngine,N/A,
OPTEngine_Knapsack_19_4_aug,OPTEngine,N/A,
OPTEngine_Knapsack_19_5_aug,OPTEngine,N/A,
OPTEngine_Knapsack_19_6_aug,OPTEngine,N/A,
OPTEngine_Knapsack_19_7_aug,OPTEngine,N/A,
OPTEngine_Knapsack_19_8_aug,OPTEngine,N/A,
OPTEngine_Knapsack_19_9_aug,OPTEngine,N/A,
OPTEngine_Knapsack_20_aug,OPTEngine,N/A,
OPTEngine_Knapsack_20_1_aug,OPTEngine,N/A,
OPTEngine_Knapsack_20_2_aug,OPTEngine,N/A,
OPTEngine_Knapsack_20_3_aug,OPTEngine,N/A,
OPTEngine_Knapsack_20_4_aug,OPTEngine,N/A,
OPTEngine_Knapsack_20_5_aug,OPTEngine,N/A,
OPTEngine_Knapsack_20_6_aug,OPTEngine,N/A,
OPTEngine_Knapsack_20_7_aug,OPTEngine,N/A,
OPTEngine_Knapsack_20_8_aug,OPTEngine,N/A,
OPTEngine_Knapsack_20_9_aug,OPTEngine,N/A,
OPTEngine_Knapsack_21_aug,OPTEngine,N/A,
OPTEngine_Knapsack_21_1_aug,OPTEngine,N/A,
OPTEngine_Knapsack_21_2_aug,OPTEngine,N/A,
OPTEngine_Knapsack_21_3_aug,OPTEngine,N/A,
OPTEngine_Knapsack_21_4_aug,OPTEngine,N/A,
OPTEngine_Knapsack_21_5_aug,OPTEngine,N/A,
OPTEngine_Knapsack_21_6_aug,OPTEngine,N/A,
OPTEngine_Knapsack_21_7_aug,OPTEngine,N/A,
OPTEngine_Knapsack_21_8_aug,OPTEngine,N/A,
OPTEngine_Knapsack_21_9_aug,OPTEngine,N/A,
OPTEngine_Knapsack_22_aug,OPTEngine,N/A,
OPTEngine_Knapsack_22_1_aug,OPTEngine,N/A,
OPTEngine_Knapsack_22_2_aug,OPTEngine,N/A,
OPTEngine_Knapsack_22_3_aug,OPTEngine,N/A,
OPTEngine_Knapsack_22_4_aug,OPTEngine,N/A,
OPTEngine_Knapsack_22_5_aug,OPTEngine,N/A,
OPTEngine_Knapsack_22_6_aug,OPTEngine,N/A,
OPTEngine_Knapsack_22_7_aug,OPTEngine,N/A,
OPTEngine_Knapsack_22_8_aug,OPTEngine,N/A,
OPTEngine_Knapsack_22_9_aug,OPTEngine,N/A,
OPTEngine_Knapsack_23_aug,OPTEngine,N/A,
OPTEngine_Knapsack_23_1_aug,OPTEngine,N/A,
OPTEngine_Knapsack_23_2_aug,OPTEngine,N/A,
OPTEngine_Knapsack_23_3_aug,OPTEngine,N/A,
OPTEngine_Knapsack_23_4_aug,OPTEngine,N/A,
OPTEngine_Knapsack_23_5_aug,OPTEngine,N/A,
OPTEngine_Knapsack_23_6_aug,OPTEngine,N/A,
OPTEngine_Knapsack_23_7_aug,OPTEngine,N/A,
OPTEngine_Knapsack_23_8_aug,OPTEngine,N/A,
OPTEngine_Knapsack_23_9_aug,OPTEngine,N/A,
OPTEngine_Knapsack_24_aug,OPTEngine,N/A,
OPTEngine_Knapsack_24_1_aug,OPTEngine,N/A,
OPTEngine_Knapsack_24_2_aug,OPTEngine,N/A,
OPTEngine_Knapsack_24_3_aug,OPTEngine,N/A,
OPTEngine_Knapsack_24_4_aug,OPTEngine,N/A,
OPTEngine_Knapsack_24_5_aug,OPTEngine,N/A,
OPTEngine_Knapsack_24_6_aug,OPTEngine,N/A,
OPTEngine_Knapsack_24_7_aug,OPTEngine,N/A,
OPTEngine_Knapsack_24_8_aug,OPTEngine,N/A,
OPTEngine_Knapsack_25_aug,OPTEngine,N/A,
OPTEngine_Knapsack_24_9_aug,OPTEngine,N/A,
OPTEngine_Knapsack_25_1_aug,OPTEngine,N/A,
OPTEngine_Knapsack_25_2_aug,OPTEngine,N/A,
OPTEngine_Knapsack_25_3_aug,OPTEngine,N/A,
OPTEngine_Knapsack_25_4_aug,OPTEngine,N/A,
OPTEngine_Knapsack_25_5_aug,OPTEngine,N/A,
OPTEngine_Knapsack_25_6_aug,OPTEngine,N/A,
OPTEngine_Knapsack_25_7_aug,OPTEngine,N/A,
OPTEngine_Knapsack_25_8_aug,OPTEngine,N/A,
OPTEngine_Knapsack_25_9_aug,OPTEngine,N/A,
OPTEngine_Knapsack_26_aug,OPTEngine,N/A,
OPTEngine_Knapsack_26_1_aug,OPTEngine,N/A,
OPTEngine_Knapsack_26_2_aug,OPTEngine,N/A,
OPTEngine_Knapsack_26_3_aug,OPTEngine,N/A,
OPTEngine_Knapsack_26_4_aug,OPTEngine,N/A,
OPTEngine_Knapsack_26_5_aug,OPTEngine,N/A,
OPTEngine_Knapsack_26_6_aug,OPTEngine,N/A,
OPTEngine_Knapsack_26_7_aug,OPTEngine,N/A,
OPTEngine_Knapsack_26_8_aug,OPTEngine,N/A,
OPTEngine_Knapsack_27_aug,OPTEngine,N/A,
OPTEngine_Knapsack_26_9_aug,OPTEngine,N/A,
OPTEngine_Knapsack_27_1_aug,OPTEngine,N/A,
OPTEngine_Knapsack_27_2_aug,OPTEngine,N/A,
OPTEngine_Knapsack_27_3_aug,OPTEngine,N/A,
OPTEngine_Knapsack_27_4_aug,OPTEngine,N/A,
OPTEngine_Knapsack_27_5_aug,OPTEngine,N/A,
OPTEngine_Knapsack_27_6_aug,OPTEngine,N/A,
OPTEngine_Knapsack_27_7_aug,OPTEngine,N/A,
OPTEngine_Knapsack_27_8_aug,OPTEngine,N/A,
OPTEngine_Knapsack_27_9_aug,OPTEngine,N/A,
OPTEngine_Knapsack_28_aug,OPTEngine,N/A,
OPTEngine_Knapsack_28_1_aug,OPTEngine,N/A,
OPTEngine_Knapsack_28_2_aug,OPTEngine,N/A,
OPTEngine_Knapsack_28_3_aug,OPTEngine,N/A,
OPTEngine_Knapsack_28_4_aug,OPTEngine,N/A,
OPTEngine_Knapsack_28_5_aug,OPTEngine,N/A,
OPTEngine_Knapsack_28_6_aug,OPTEngine,N/A,
OPTEngine_Knapsack_28_7_aug,OPTEngine,N/A,
OPTEngine_Knapsack_28_8_aug,OPTEngine,N/A,
OPTEngine_Knapsack_28_9_aug,OPTEngine,N/A,
OPTEngine_Knapsack_29_aug,OPTEngine,N/A,
OPTEngine_Knapsack_29_1_aug,OPTEngine,N/A,
OPTEngine_Knapsack_29_2_aug,OPTEngine,N/A,
OPTEngine_Knapsack_29_3_aug,OPTEngine,N/A,
OPTEngine_Knapsack_29_4_aug,OPTEngine,N/A,
OPTEngine_Knapsack_29_5_aug,OPTEngine,N/A,
OPTEngine_Knapsack_29_6_aug,OPTEngine,N/A,
OPTEngine_Knapsack_29_7_aug,OPTEngine,N/A,
OPTEngine_Knapsack_29_8_aug,OPTEngine,N/A,
OPTEngine_Knapsack_29_9_aug,OPTEngine,N/A,
OPTEngine_Knapsack_30_aug,OPTEngine,N/A,
OPTEngine_Knapsack_30_1_aug,OPTEngine,N/A,
OPTEngine_Knapsack_30_2_aug,OPTEngine,N/A,
OPTEngine_Knapsack_30_3_aug,OPTEngine,N/A,
OPTEngine_Knapsack_30_4_aug,OPTEngine,N/A,
OPTEngine_Knapsack_30_5_aug,OPTEngine,N/A,
OPTEngine_Knapsack_30_6_aug,OPTEngine,N/A,
OPTEngine_Knapsack_30_7_aug,OPTEngine,N/A,
OPTEngine_Knapsack_30_8_aug,OPTEngine,N/A,
OPTEngine_Knapsack_30_9_aug,OPTEngine,N/A,
OPTEngine_TSP_4_aug,OPTEngine,N/A,
OPTEngine_TSP_4_1_aug,OPTEngine,N/A,
OPTEngine_TSP_4_2_aug,OPTEngine,N/A,
OPTEngine_TSP_4_3_aug,OPTEngine,N/A,
OPTEngine_TSP_4_4_aug,OPTEngine,N/A,
OPTEngine_TSP_4_5_aug,OPTEngine,N/A,
OPTEngine_TSP_4_6_aug,OPTEngine,N/A,
OPTEngine_TSP_4_7_aug,OPTEngine,N/A,
OPTEngine_TSP_4_8_aug,OPTEngine,N/A,
OPTEngine_TSP_4_9_aug,OPTEngine,N/A,
OPTEngine_TSP_5_aug,OPTEngine,N/A,
OPTEngine_TSP_5_1_aug,OPTEngine,N/A,
OPTEngine_TSP_5_2_aug,OPTEngine,N/A,
OPTEngine_TSP_5_3_aug,OPTEngine,N/A,
OPTEngine_TSP_5_4_aug,OPTEngine,N/A,
OPTEngine_TSP_5_5_aug,OPTEngine,N/A,
OPTEngine_TSP_5_6_aug,OPTEngine,N/A,
OPTEngine_TSP_5_7_aug,OPTEngine,N/A,
OPTEngine_TSP_5_8_aug,OPTEngine,N/A,
OPTEngine_TSP_5_9_aug,OPTEngine,N/A,
OPTEngine_TSP_6_aug,OPTEngine,N/A,
OPTEngine_TSP_6_1_aug,OPTEngine,N/A,
OPTEngine_TSP_6_2_aug,OPTEngine,N/A,
OPTEngine_TSP_6_3_aug,OPTEngine,N/A,
OPTEngine_TSP_6_4_aug,OPTEngine,N/A,
OPTEngine_TSP_6_5_aug,OPTEngine,N/A,
OPTEngine_TSP_6_6_aug,OPTEngine,N/A,
OPTEngine_TSP_6_7_aug,OPTEngine,N/A,
OPTEngine_TSP_6_8_aug,OPTEngine,N/A,
OPTEngine_TSP_6_9_aug,OPTEngine,N/A,
OPTEngine_TSP_7_aug,OPTEngine,N/A,
OPTEngine_TSP_7_1_aug,OPTEngine,N/A,
OPTEngine_TSP_7_2_aug,OPTEngine,N/A,
OPTEngine_TSP_7_3_aug,OPTEngine,N/A,
OPTEngine_TSP_7_4_aug,OPTEngine,N/A,
OPTEngine_TSP_7_5_aug,OPTEngine,N/A,
OPTEngine_TSP_7_6_aug,OPTEngine,N/A,
OPTEngine_TSP_7_7_aug,OPTEngine,N/A,
OPTEngine_TSP_7_8_aug,OPTEngine,N/A,
OPTEngine_TSP_7_9_aug,OPTEngine,N/A,
OPTEngine_TSP_8_aug,OPTEngine,N/A,
OPTEngine_TSP_8_1_aug,OPTEngine,N/A,
OPTEngine_TSP_8_2_aug,OPTEngine,N/A,
OPTEngine_TSP_8_3_aug,OPTEngine,N/A,
OPTEngine_TSP_8_4_aug,OPTEngine,N/A,
OPTEngine_TSP_8_5_aug,OPTEngine,N/A,
OPTEngine_TSP_8_6_aug,OPTEngine,N/A,
OPTEngine_TSP_8_7_aug,OPTEngine,N/A,
OPTEngine_TSP_8_8_aug,OPTEngine,N/A,
OPTEngine_TSP_8_9_aug,OPTEngine,N/A,
OPTEngine_TSP_9_aug,OPTEngine,N/A,
OPTEngine_TSP_9_1_aug,OPTEngine,N/A,
OPTEngine_TSP_9_2_aug,OPTEngine,N/A,
OPTEngine_TSP_9_3_aug,OPTEngine,N/A,
OPTEngine_TSP_9_4_aug,OPTEngine,N/A,
OPTEngine_TSP_9_5_aug,OPTEngine,N/A,
OPTEngine_TSP_9_6_aug,OPTEngine,N/A,
OPTEngine_TSP_9_7_aug,OPTEngine,N/A,
OPTEngine_TSP_9_8_aug,OPTEngine,N/A,
OPTEngine_TSP_9_9_aug,OPTEngine,N/A,
OPTEngine_TSP_10_aug,OPTEngine,N/A,
OPTEngine_TSP_10_1_aug,OPTEngine,N/A,
OPTEngine_TSP_10_2_aug,OPTEngine,N/A,
OPTEngine_TSP_10_3_aug,OPTEngine,N/A,
OPTEngine_TSP_10_4_aug,OPTEngine,N/A,
OPTEngine_TSP_10_5_aug,OPTEngine,N/A,
OPTEngine_TSP_10_6_aug,OPTEngine,N/A,
OPTEngine_TSP_10_7_aug,OPTEngine,N/A,
OPTEngine_TSP_10_8_aug,OPTEngine,N/A,
OPTEngine_TSP_10_9_aug,OPTEngine,N/A,
OPTEngine_TSP_11_aug,OPTEngine,N/A,
OPTEngine_TSP_11_1_aug,OPTEngine,N/A,
OPTEngine_TSP_11_2_aug,OPTEngine,N/A,
OPTEngine_TSP_11_3_aug,OPTEngine,N/A,
OPTEngine_TSP_11_4_aug,OPTEngine,N/A,
OPTEngine_TSP_11_5_aug,OPTEngine,N/A,
OPTEngine_TSP_11_6_aug,OPTEngine,N/A,
OPTEngine_TSP_11_7_aug,OPTEngine,N/A,
OPTEngine_TSP_11_8_aug,OPTEngine,N/A,
OPTEngine_TSP_11_9_aug,OPTEngine,N/A,
OPTEngine_TSP_12_aug,OPTEngine,N/A,
OPTEngine_TSP_12_1_aug,OPTEngine,N/A,
OPTEngine_TSP_12_2_aug,OPTEngine,N/A,
OPTEngine_TSP_12_3_aug,OPTEngine,N/A,
OPTEngine_TSP_12_4_aug,OPTEngine,N/A,
OPTEngine_TSP_12_5_aug,OPTEngine,N/A,
OPTEngine_TSP_12_6_aug,OPTEngine,N/A,
OPTEngine_TSP_12_7_aug,OPTEngine,N/A,
OPTEngine_TSP_12_8_aug,OPTEngine,N/A,
OPTEngine_TSP_12_9_aug,OPTEngine,N/A,
OPTEngine_TSP_13_aug,OPTEngine,N/A,
OPTEngine_TSP_13_1_aug,OPTEngine,N/A,
OPTEngine_TSP_13_2_aug,OPTEngine,N/A,
OPTEngine_TSP_13_3_aug,OPTEngine,N/A,
OPTEngine_TSP_13_4_aug,OPTEngine,N/A,
OPTEngine_TSP_13_5_aug,OPTEngine,N/A,
OPTEngine_TSP_13_6_aug,OPTEngine,N/A,
OPTEngine_TSP_13_7_aug,OPTEngine,N/A,
OPTEngine_TSP_13_8_aug,OPTEngine,N/A,
OPTEngine_TSP_13_9_aug,OPTEngine,N/A,
OPTEngine_TSP_14_aug,OPTEngine,N/A,
OPTEngine_TSP_14_1_aug,OPTEngine,N/A,
OPTEngine_TSP_14_2_aug,OPTEngine,N/A,
OPTEngine_TSP_14_3_aug,OPTEngine,N/A,
OPTEngine_TSP_14_4_aug,OPTEngine,N/A,
OPTEngine_TSP_14_5_aug,OPTEngine,N/A,
OPTEngine_TSP_14_6_aug,OPTEngine,N/A,
OPTEngine_TSP_14_7_aug,OPTEngine,N/A,
OPTEngine_TSP_14_8_aug,OPTEngine,N/A,
OPTEngine_TSP_14_9_aug,OPTEngine,N/A,
OPTEngine_TSP_15_aug,OPTEngine,N/A,
OPTEngine_TSP_15_1_aug,OPTEngine,N/A,
OPTEngine_TSP_15_2_aug,OPTEngine,N/A,
OPTEngine_TSP_15_3_aug,OPTEngine,N/A,
OPTEngine_TSP_15_4_aug,OPTEngine,N/A,
OPTEngine_TSP_15_5_aug,OPTEngine,N/A,
OPTEngine_TSP_15_6_aug,OPTEngine,N/A,
OPTEngine_TSP_15_7_aug,OPTEngine,N/A,
OPTEngine_TSP_15_8_aug,OPTEngine,N/A,
OPTEngine_TSP_15_9_aug,OPTEngine,N/A,
OPTEngine_TSP_16_aug,OPTEngine,N/A,
OPTEngine_TSP_16_1_aug,OPTEngine,N/A,
OPTEngine_TSP_16_2_aug,OPTEngine,N/A,
OPTEngine_TSP_16_3_aug,OPTEngine,N/A,
OPTEngine_TSP_16_4_aug,OPTEngine,N/A,
OPTEngine_TSP_16_5_aug,OPTEngine,N/A,
OPTEngine_TSP_16_6_aug,OPTEngine,N/A,
OPTEngine_TSP_16_7_aug,OPTEngine,N/A,
OPTEngine_TSP_16_8_aug,OPTEngine,N/A,
OPTEngine_TSP_16_9_aug,OPTEngine,N/A,
OPTEngine_TSP_17_aug,OPTEngine,N/A,
OPTEngine_TSP_17_1_aug,OPTEngine,N/A,
OPTEngine_TSP_17_2_aug,OPTEngine,N/A,
OPTEngine_TSP_17_3_aug,OPTEngine,N/A,
OPTEngine_TSP_17_4_aug,OPTEngine,N/A,
OPTEngine_TSP_17_5_aug,OPTEngine,N/A,
OPTEngine_TSP_17_6_aug,OPTEngine,N/A,
OPTEngine_TSP_17_7_aug,OPTEngine,N/A,
OPTEngine_TSP_17_8_aug,OPTEngine,N/A,
OPTEngine_TSP_17_9_aug,OPTEngine,N/A,
OPTEngine_TSP_18_aug,OPTEngine,N/A,
OPTEngine_TSP_18_1_aug,OPTEngine,N/A,
OPTEngine_TSP_18_2_aug,OPTEngine,N/A,
OPTEngine_TSP_18_3_aug,OPTEngine,N/A,
OPTEngine_TSP_18_4_aug,OPTEngine,N/A,
OPTEngine_TSP_18_5_aug,OPTEngine,N/A,
OPTEngine_TSP_18_6_aug,OPTEngine,N/A,
OPTEngine_TSP_18_7_aug,OPTEngine,N/A,
OPTEngine_TSP_18_8_aug,OPTEngine,N/A,
OPTEngine_TSP_18_9_aug,OPTEngine,N/A,
OPTEngine_TSP_19_aug,OPTEngine,N/A,
OPTEngine_TSP_19_1_aug,OPTEngine,N/A,
OPTEngine_TSP_19_2_aug,OPTEngine,N/A,
OPTEngine_TSP_19_3_aug,OPTEngine,N/A,
OPTEngine_TSP_19_4_aug,OPTEngine,N/A,
OPTEngine_TSP_19_5_aug,OPTEngine,N/A,
OPTEngine_TSP_19_6_aug,OPTEngine,N/A,
OPTEngine_TSP_19_7_aug,OPTEngine,N/A,
OPTEngine_TSP_19_8_aug,OPTEngine,N/A,
OPTEngine_TSP_19_9_aug,OPTEngine,N/A,
MIPLIB_NL_30n20b8,MIPLIB-NL,N/A,
MIPLIB_NL_50v-10,MIPLIB-NL,N/A,
MIPLIB_NL_ab51-40-100,MIPLIB-NL,N/A,
MIPLIB_NL_ab67-40-100,MIPLIB-NL,N/A,
MIPLIB_NL_ab69-40-100,MIPLIB-NL,N/A,
MIPLIB_NL_ab71-20-100,MIPLIB-NL,N/A,
MIPLIB_NL_ab72-40-100,MIPLIB-NL,N/A,
MIPLIB_NL_acc-tight2,MIPLIB-NL,N/A,
MIPLIB_NL_acc-tight4,MIPLIB-NL,N/A,
MIPLIB_NL_acc-tight5,MIPLIB-NL,N/A,
MIPLIB_NL_air03,MIPLIB-NL,N/A,
MIPLIB_NL_air04,MIPLIB-NL,N/A,
MIPLIB_NL_air05,MIPLIB-NL,N/A,
MIPLIB_NL_app1-1,MIPLIB-NL,N/A,
MIPLIB_NL_assign1-5-8,MIPLIB-NL,N/A,
MIPLIB_NL_b-ball,MIPLIB-NL,N/A,
MIPLIB_NL_bab1,MIPLIB-NL,N/A,
MIPLIB_NL_bab2,MIPLIB-NL,N/A,
MIPLIB_NL_bab5,MIPLIB-NL,N/A,
MIPLIB_NL_bab6,MIPLIB-NL,N/A,
MIPLIB_NL_beasleyC1,MIPLIB-NL,N/A,
MIPLIB_NL_beasleyC2,MIPLIB-NL,N/A,
MIPLIB_NL_beasleyC3,MIPLIB-NL,N/A,
MIPLIB_NL_bienst1,MIPLIB-NL,N/A,
MIPLIB_NL_bienst2,MIPLIB-NL,N/A,
MIPLIB_NL_bnatt400,MIPLIB-NL,N/A,
MIPLIB_NL_bnatt500,MIPLIB-NL,N/A,
MIPLIB_NL_bppc4-08,MIPLIB-NL,N/A,
MIPLIB_NL_bppc6-02,MIPLIB-NL,N/A,
MIPLIB_NL_bppc6-06,MIPLIB-NL,N/A,
MIPLIB_NL_bppc8-02,MIPLIB-NL,N/A,
MIPLIB_NL_bppc8-09,MIPLIB-NL,N/A,
MIPLIB_NL_chromaticindex1024-7,MIPLIB-NL,N/A,
MIPLIB_NL_chromaticindex128-5,MIPLIB-NL,N/A,
MIPLIB_NL_chromaticindex256-8,MIPLIB-NL,N/A,
MIPLIB_NL_chromaticindex32-8,MIPLIB-NL,N/A,
MIPLIB_NL_chromaticindex512-7,MIPLIB-NL,N/A,
MIPLIB_NL_comp07-2idx,MIPLIB-NL,N/A,
MIPLIB_NL_comp08-2idx,MIPLIB-NL,N/A,
MIPLIB_NL_comp12-2idx,MIPLIB-NL,N/A,
MIPLIB_NL_comp21-2idx,MIPLIB-NL,N/A,
MIPLIB_NL_cost266-UUE,MIPLIB-NL,N/A,
MIPLIB_NL_csched007,MIPLIB-NL,N/A,
MIPLIB_NL_csched008,MIPLIB-NL,N/A,
MIPLIB_NL_csched010,MIPLIB-NL,N/A,
MIPLIB_NL_cvs08r139-94,MIPLIB-NL,N/A,
MIPLIB_NL_cvs16r106-72,MIPLIB-NL,N/A,
MIPLIB_NL_cvs16r128-89,MIPLIB-NL,N/A,
MIPLIB_NL_cvs16r70-62,MIPLIB-NL,N/A,
MIPLIB_NL_cvs16r89-60,MIPLIB-NL,N/A,
MIPLIB_NL_decomp1,MIPLIB-NL,N/A,
MIPLIB_NL_decomp2,MIPLIB-NL,N/A,
MIPLIB_NL_drayage-100-12,MIPLIB-NL,N/A,
MIPLIB_NL_drayage-100-23,MIPLIB-NL,N/A,
MIPLIB_NL_drayage-25-23,MIPLIB-NL,N/A,
MIPLIB_NL_drayage-25-27,MIPLIB-NL,N/A,
MIPLIB_NL_drayage-25-32,MIPLIB-NL,N/A,
MIPLIB_NL_eil33-2,MIPLIB-NL,N/A,
MIPLIB_NL_eilA101-2,MIPLIB-NL,N/A,
MIPLIB_NL_eilC76-2,MIPLIB-NL,N/A,
MIPLIB_NL_ej,MIPLIB-NL,N/A,
MIPLIB_NL_enlight11,MIPLIB-NL,N/A,
MIPLIB_NL_enlight4,MIPLIB-NL,N/A,
MIPLIB_NL_enlight8,MIPLIB-NL,N/A,
MIPLIB_NL_enlight9,MIPLIB-NL,N/A,
MIPLIB_NL_enlight_hard,MIPLIB-NL,N/A,
MIPLIB_NL_ex10,MIPLIB-NL,N/A,
MIPLIB_NL_ex1010-pi,MIPLIB-NL,N/A,
MIPLIB_NL_ex9,MIPLIB-NL,N/A,
MIPLIB_NL_exp-1-500-5-5,MIPLIB-NL,N/A,
MIPLIB_NL_f2gap201600,MIPLIB-NL,N/A,
MIPLIB_NL_f2gap401600,MIPLIB-NL,N/A,
MIPLIB_NL_f2gap40400,MIPLIB-NL,N/A,
MIPLIB_NL_f2gap801600,MIPLIB-NL,N/A,
MIPLIB_NL_fast0507,MIPLIB-NL,N/A,
MIPLIB_NL_flugpl_fleet,MIPLIB-NL,N/A,smaller family-level structure
MIPLIB_NL_flugplinf,MIPLIB-NL,N/A,
MIPLIB_NL_g200x740,MIPLIB-NL,N/A,
MIPLIB_NL_gen-ip002,MIPLIB-NL,N/A,
MIPLIB_NL_gen-ip016,MIPLIB-NL,N/A,
MIPLIB_NL_gen-ip021,MIPLIB-NL,N/A,
MIPLIB_NL_gen-ip036,MIPLIB-NL,N/A,
MIPLIB_NL_gen-ip054,MIPLIB-NL,N/A,
MIPLIB_NL_glass-sc,MIPLIB-NL,N/A,
MIPLIB_NL_gmu-35-40,MIPLIB-NL,N/A,
MIPLIB_NL_gmu-35-50,MIPLIB-NL,N/A,
MIPLIB_NL_gr4x6,MIPLIB-NL,N/A,
MIPLIB_NL_graph20_20_cuts,MIPLIB-NL,N/A,"clearly more complex (multi-index, logical)"
MIPLIB_NL_graph20-80-1rand,MIPLIB-NL,N/A,
MIPLIB_NL_graph40-20-1rand,MIPLIB-NL,N/A,
MIPLIB_NL_graph40-40-1rand,MIPLIB-NL,N/A,
MIPLIB_NL_graph40-80-1rand,MIPLIB-NL,N/A,
MIPLIB_NL_graphdraw-gemcutter,MIPLIB-NL,N/A,
MIPLIB_NL_graphdraw-grafo2,MIPLIB-NL,N/A,
MIPLIB_NL_graphdraw-mainerd,MIPLIB-NL,N/A,
MIPLIB_NL_graphdraw-opmanager,MIPLIB-NL,N/A,
MIPLIB_NL_gsvm2rl11,MIPLIB-NL,N/A,
MIPLIB_NL_gsvm2rl12,MIPLIB-NL,N/A,
MIPLIB_NL_gsvm2rl3,MIPLIB-NL,N/A,
MIPLIB_NL_gsvm2rl5,MIPLIB-NL,N/A,
MIPLIB_NL_gsvm2rl9,MIPLIB-NL,N/A,
MIPLIB_NL_gt2,MIPLIB-NL,N/A,
MIPLIB_NL_h50x2450,MIPLIB-NL,N/A,
MIPLIB_NL_h80x6320d,MIPLIB-NL,N/A,
MIPLIB_NL_iis-glass-cov,MIPLIB-NL,N/A,
MIPLIB_NL_iis-hc-cov,MIPLIB-NL,N/A,
MIPLIB_NL_irp,MIPLIB-NL,N/A,
MIPLIB_NL_k16x240b,MIPLIB-NL,N/A,
MIPLIB_NL_leo1,MIPLIB-NL,N/A,
MIPLIB_NL_leo2,MIPLIB-NL,N/A,
MIPLIB_NL_mad,MIPLIB-NL,N/A,
MIPLIB_NL_markshare1,MIPLIB-NL,N/A,
MIPLIB_NL_markshare_4_0,MIPLIB-NL,N/A,
MIPLIB_NL_markshare_5_0,MIPLIB-NL,N/A,
MIPLIB_NL_mas74,MIPLIB-NL,N/A,
MIPLIB_NL_mas76,MIPLIB-NL,N/A,
MIPLIB_NL_mc7,MIPLIB-NL,N/A,
MIPLIB_NL_mc8,MIPLIB-NL,N/A,
MIPLIB_NL_mik-250-20-75-1,MIPLIB-NL,N/A,
MIPLIB_NL_mik-250-20-75-2,MIPLIB-NL,N/A,
MIPLIB_NL_mik-250-20-75-3,MIPLIB-NL,N/A,
MIPLIB_NL_mik-250-20-75-4,MIPLIB-NL,N/A,
MIPLIB_NL_mik-250-20-75-5,MIPLIB-NL,N/A,
MIPLIB_NL_neos-1425699,MIPLIB-NL,N/A,
MIPLIB_NL_neos-1430701,MIPLIB-NL,N/A,
MIPLIB_NL_neos-2624317-amur,MIPLIB-NL,N/A,
MIPLIB_NL_neos-2626858-aoos,MIPLIB-NL,N/A,
MIPLIB_NL_neos-2652786-brda,MIPLIB-NL,N/A,
MIPLIB_NL_neos-2656603-coxs,MIPLIB-NL,N/A,
MIPLIB_NL_neos-2657525-crna,MIPLIB-NL,N/A,
MIPLIB_NL_neos-3046601-motu,MIPLIB-NL,N/A,
MIPLIB_NL_neos-3046615-murg,MIPLIB-NL,N/A,
MIPLIB_NL_neos-3072252-nete,MIPLIB-NL,N/A,
MIPLIB_NL_neos-3118745-obra,MIPLIB-NL,N/A,
MIPLIB_NL_neos-3610040-iskar,MIPLIB-NL,N/A,
MIPLIB_NL_neos-3610051-istra,MIPLIB-NL,N/A,
MIPLIB_NL_neos-3610173-itata,MIPLIB-NL,N/A,
MIPLIB_NL_neos-3611447-jijia,MIPLIB-NL,N/A,
MIPLIB_NL_neos-3611689-kaihu,MIPLIB-NL,N/A,
MIPLIB_NL_neos-3754480-nidda,MIPLIB-NL,N/A,
MIPLIB_NL_neos-4333596-skien,MIPLIB-NL,N/A,
MIPLIB_NL_neos-5140963-mincio,MIPLIB-NL,N/A,
MIPLIB_NL_neos-5192052-neckar,MIPLIB-NL,N/A,
MIPLIB_NL_neos-631517,MIPLIB-NL,N/A,
MIPLIB_NL_neos-911970,MIPLIB-NL,N/A,
MIPLIB_NL_neos17,MIPLIB-NL,N/A,
MIPLIB_NL_noswot,MIPLIB-NL,N/A,
MIPLIB_NL_nw04,MIPLIB-NL,N/A,
MIPLIB_NL_opm2-z10-s4,MIPLIB-NL,N/A,
MIPLIB_NL_opm2-z12-s8,MIPLIB-NL,N/A,
MIPLIB_NL_opm2-z8-s0,MIPLIB-NL,N/A,
MIPLIB_NL_p0201,MIPLIB-NL,N/A,
MIPLIB_NL_p200x1188c,MIPLIB-NL,N/A,
MIPLIB_NL_p2m2p1m1p0n100,MIPLIB-NL,N/A,
MIPLIB_NL_p500x2988,MIPLIB-NL,N/A,
MIPLIB_NL_p500x2988c,MIPLIB-NL,N/A,
MIPLIB_NL_p500x2988d,MIPLIB-NL,N/A,
MIPLIB_NL_pg,MIPLIB-NL,N/A,
MIPLIB_NL_pigeon-08,MIPLIB-NL,N/A,
MIPLIB_NL_pigeon-10,MIPLIB-NL,N/A,
MIPLIB_NL_pigeon-13,MIPLIB-NL,N/A,
MIPLIB_NL_pigeon-16,MIPLIB-NL,N/A,
MIPLIB_NL_pigeon-20,MIPLIB-NL,N/A,
MIPLIB_NL_pk1,MIPLIB-NL,N/A,
MIPLIB_NL_prod1,MIPLIB-NL,N/A,
MIPLIB_NL_prod2,MIPLIB-NL,N/A,
MIPLIB_NL_proteindesign121hz512p9,MIPLIB-NL,N/A,
MIPLIB_NL_proteindesign121pgb11p9,MIPLIB-NL,N/A,
MIPLIB_NL_proteindesign122trx11p8,MIPLIB-NL,N/A,
MIPLIB_NL_r50x360,MIPLIB-NL,N/A,
MIPLIB_NL_radiationm18-12-05,MIPLIB-NL,N/A,
MIPLIB_NL_radiationm40-10-02,MIPLIB-NL,N/A,
MIPLIB_NL_rail507,MIPLIB-NL,N/A,
MIPLIB_NL_ramos3,MIPLIB-NL,N/A,
MIPLIB_NL_ran12x21,MIPLIB-NL,N/A,
MIPLIB_NL_ran13x13,MIPLIB-NL,N/A,
MIPLIB_NL_rmatr100-p10,MIPLIB-NL,N/A,
MIPLIB_NL_rmatr100-p5,MIPLIB-NL,N/A,
MIPLIB_NL_rmatr200-p10,MIPLIB-NL,N/A,
MIPLIB_NL_rmatr200-p20,MIPLIB-NL,N/A,
MIPLIB_NL_rmatr200-p5,MIPLIB-NL,N/A,
MIPLIB_NL_sct2,MIPLIB-NL,N/A,
MIPLIB_NL_sct31,MIPLIB-NL,N/A,
MIPLIB_NL_sct32,MIPLIB-NL,N/A,
MIPLIB_NL_seymour1,MIPLIB-NL,N/A,
MIPLIB_NL_shiftreg1-4,MIPLIB-NL,N/A,
MIPLIB_NL_shiftreg2-7,MIPLIB-NL,N/A,
MIPLIB_NL_shiftreg5-1,MIPLIB-NL,N/A,
MIPLIB_NL_sing326,MIPLIB-NL,N/A,
MIPLIB_NL_sing44,MIPLIB-NL,N/A,
MIPLIB_NL_sorrell3,MIPLIB-NL,N/A,
MIPLIB_NL_sorrell4,MIPLIB-NL,N/A,
MIPLIB_NL_sorrell7,MIPLIB-NL,N/A,
MIPLIB_NL_sp150x300d,MIPLIB-NL,N/A,
MIPLIB_NL_square23,MIPLIB-NL,N/A,
MIPLIB_NL_square31,MIPLIB-NL,N/A,
MIPLIB_NL_square37,MIPLIB-NL,N/A,
MIPLIB_NL_square41,MIPLIB-NL,N/A,
MIPLIB_NL_square47,MIPLIB-NL,N/A,
MIPLIB_NL_stein15inf,MIPLIB-NL,N/A,
MIPLIB_NL_stein45inf,MIPLIB-NL,N/A,
MIPLIB_NL_stein9inf,MIPLIB-NL,N/A,
MIPLIB_NL_supportcase21i,MIPLIB-NL,N/A,
MIPLIB_NL_supportcase26,MIPLIB-NL,N/A,
MIPLIB_NL_supportcase33,MIPLIB-NL,N/A,
MIPLIB_NL_swath1,MIPLIB-NL,N/A,
MIPLIB_NL_swath2,MIPLIB-NL,N/A,
MIPLIB_NL_swath3,MIPLIB-NL,N/A,
MIPLIB_NL_tanglegram4,MIPLIB-NL,N/A,
MIPLIB_NL_tanglegram6,MIPLIB-NL,N/A,
MIPLIB_NL_thor50dday,MIPLIB-NL,N/A,
MIPLIB_NL_timtab1,MIPLIB-NL,N/A,
MIPLIB_NL_traininstance2,MIPLIB-NL,N/A,
MIPLIB_NL_traininstance6,MIPLIB-NL,N/A,
MIPLIB_NL_uccase10,MIPLIB-NL,N/A,
MIPLIB_NL_uccase12,MIPLIB-NL,N/A,
MIPLIB_NL_uccase7,MIPLIB-NL,N/A,
MIPLIB_NL_uccase8,MIPLIB-NL,N/A,
MIPLIB_NL_uccase9,MIPLIB-NL,N/A,
MIPLIB_NL_v150d30-2hopcds,MIPLIB-NL,N/A,
MIPLIB_NL_vpphard,MIPLIB-NL,N/A,
MIPLIB_NL_vpphard2,MIPLIB-NL,N/A,
MIPLIB_NL_wachplan,MIPLIB-NL,N/A,
LEAN_TP1,LEAN-LLM-OPT,N/A,
LEAN_TP2,LEAN-LLM-OPT,N/A,
LEAN_TP3,LEAN-LLM-OPT,N/A,
LEAN_TP4,LEAN-LLM-OPT,N/A,
LEAN_TP5,LEAN-LLM-OPT,N/A,
LEAN_TP6,LEAN-LLM-OPT,N/A,
LEAN_TP7,LEAN-LLM-OPT,N/A,
LEAN_TP8_transportation,LEAN-LLM-OPT,N/A,relatively sparse (transportation)
LEAN_TP9,LEAN-LLM-OPT,N/A,
LEAN_NRM1,LEAN-LLM-OPT,N/A,
LEAN_NRM2,LEAN-LLM-OPT,N/A,
LEAN_NRM3,LEAN-LLM-OPT,N/A,
LEAN_NRM4,LEAN-LLM-OPT,N/A,
LEAN_NRM5,LEAN-LLM-OPT,N/A,
LEAN_NRM6,LEAN-LLM-OPT,N/A,
LEAN_NRM7,LEAN-LLM-OPT,N/A,
LEAN_NRM8,LEAN-LLM-OPT,N/A,
LEAN_NRM9,LEAN-LLM-OPT,N/A,
LEAN_NRM10,LEAN-LLM-OPT,N/A,
LEAN_NRM11,LEAN-LLM-OPT,N/A,
LEAN_NRM12,LEAN-LLM-OPT,N/A,
LEAN_NRM13,LEAN-LLM-OPT,N/A,
LEAN_NRM14,LEAN-LLM-OPT,N/A,
LEAN_NRM15,LEAN-LLM-OPT,N/A,
LEAN_NRM16,LEAN-LLM-OPT,N/A,
LEAN_NRM17,LEAN-LLM-OPT,N/A,
LEAN_NRM18,LEAN-LLM-OPT,N/A,
LEAN_NRM19,LEAN-LLM-OPT,N/A,
LEAN_NRM20,LEAN-LLM-OPT,N/A,
LEAN_NRM21,LEAN-LLM-OPT,N/A,
LEAN_NRM22,LEAN-LLM-OPT,N/A,
LEAN_NRM23,LEAN-LLM-OPT,N/A,
LEAN_NRM24,LEAN-LLM-OPT,N/A,
LEAN_NRM25,LEAN-LLM-OPT,N/A,
LEAN_BakerySales1,LEAN-LLM-OPT,N/A,
LEAN_CarSales1,LEAN-LLM-OPT,N/A,
LEAN_CarSales2,LEAN-LLM-OPT,N/A,
LEAN_NewCarSalesInNorway1,LEAN-LLM-OPT,N/A,
LEAN_NewCarSalesInNorway2,LEAN-LLM-OPT,N/A,
LEAN_NYCPropertySales1,LEAN-LLM-OPT,N/A,
LEAN_NYCPropertySales2,LEAN-LLM-OPT,N/A,
LEAN_PharmaSalesData1,LEAN-LLM-OPT,N/A,
LEAN_PharmaSalesData2,LEAN-LLM-OPT,N/A,
LEAN_SalesOfASupermarket1,LEAN-LLM-OPT,N/A,
LEAN_SupermarketSalesData1,LEAN-LLM-OPT,N/A,
LEAN_SupermarketSalesData2,LEAN-LLM-OPT,N/A,
LEAN_VideoGameSales1,LEAN-LLM-OPT,N/A,
LEAN_AmazonProductsSalesDataset2023,LEAN-LLM-OPT,N/A,
LEAN_RetailSalesAnalysis1,LEAN-LLM-OPT,N/A,
LEAN_RetailSalesAnalysis,LEAN-LLM-OPT,N/A,
LEAN_CoffeeChainSalesAnalysis1,LEAN-LLM-OPT,N/A,
LEAN_BooksSalesAndRatings1,LEAN-LLM-OPT,N/A,
LEAN_BigMartSalesData1,LEAN-LLM-OPT,N/A,
LEAN_BigMartSalesData2,LEAN-LLM-OPT,N/A,
LEAN_BoatSales1,LEAN-LLM-OPT,N/A,
LEAN_BoatSales2,LEAN-LLM-OPT,N/A,
LEAN_VideoGameSalesWithRatings1,LEAN-LLM-OPT,N/A,
LEAN_UFLP1,LEAN-LLM-OPT,N/A,
LEAN_UFLP2,LEAN-LLM-OPT,N/A,
LEAN_UFLP3,LEAN-LLM-OPT,N/A,
LEAN_UFLP5,LEAN-LLM-OPT,N/A,
LEAN_UFLP6,LEAN-LLM-OPT,N/A,
LEAN_UFLP7,LEAN-LLM-OPT,N/A,
LEAN_UFLP8,LEAN-LLM-OPT,N/A,
LEAN_UFLP9,LEAN-LLM-OPT,N/A,
LEAN_UFLP10,LEAN-LLM-OPT,N/A,
LEAN_AP2,LEAN-LLM-OPT,N/A,
LEAN_AP3,LEAN-LLM-OPT,N/A,
LEAN_AP4,LEAN-LLM-OPT,N/A,
LEAN_AP5,LEAN-LLM-OPT,N/A,
LEAN_Mixture2,LEAN-LLM-OPT,N/A,
LEAN_Others1,LEAN-LLM-OPT,N/A,
LEAN_Mixture3,LEAN-LLM-OPT,N/A,
LEAN_Others2,LEAN-LLM-OPT,N/A,
LEAN_Mixture4,LEAN-LLM-OPT,N/A,
LEAN_UFLP4,LEAN-LLM-OPT,N/A,
LEAN_Others3,LEAN-LLM-OPT,N/A,
LEAN_Mixture5,LEAN-LLM-OPT,N/A,
LEAN_UFLP11,LEAN-LLM-OPT,N/A,
LEAN_Mixture6_truck_scheduling,LEAN-LLM-OPT,N/A,multi-index / highly interacting
LEAN_Others4,LEAN-LLM-OPT,N/A,
LEAN_Others5,LEAN-LLM-OPT,N/A,
LEAN_Mixture7,LEAN-LLM-OPT,N/A,
LEAN_Others6,LEAN-LLM-OPT,N/A,
LEAN_Others7,LEAN-LLM-OPT,N/A,
LEAN_Mixture8,LEAN-LLM-OPT,N/A,
LEAN_Mixture9,LEAN-LLM-OPT,N/A,
LEAN_UFLP12,LEAN-LLM-OPT,N/A,
LEAN_UFLP13,LEAN-LLM-OPT,N/A,
LEAN_Mixture10,LEAN-LLM-OPT,N/A,
LEAN_Mixture11,LEAN-LLM-OPT,N/A,
LEAN_Mixture12,LEAN-LLM-OPT,N/A,
LEAN_AP1,LEAN-LLM-OPT,N/A,
LEAN_Mixture13,LEAN-LLM-OPT,N/A,
LEAN_Mixture14,LEAN-LLM-OPT,N/A,
LEAN_Mixture15,LEAN-LLM-OPT,N/A,
LEAN_Mixture16,LEAN-LLM-OPT,N/A,
LEAN_Mixture17,LEAN-LLM-OPT,N/A,
LEAN_UFLP14,LEAN-LLM-OPT,N/A,
LEAN_Others8,LEAN-LLM-OPT,N/A,
LEAN_Mixture18,LEAN-LLM-OPT,N/A,
